fecha,letra,share_mujer
2007-01-01,A,.1136867
2007-01-01,B,.080763154
2007-01-01,C,.1813411
2007-01-01,D,.1572179
2007-01-01,E,.10244943
2007-01-01,F,.040427368
2007-01-01,G,.33777699
2007-01-01,H,.089371607
2007-01-01,I,.41734865
2007-01-01,J,.33679634
2007-01-01,K,.46300048
2007-01-01,L,.33054715
2007-01-01,M,.40583369
2007-01-01,N,.30574855
2007-01-01,O,.38392481
2007-01-01,P,.74194634
2007-01-01,Q,.72978455
2007-01-01,R,.39580861
2007-01-01,S,.45627308
2007-01-01,U,.53544497
2007-01-01,Z,.30518234
2007-02-01,A,.11615363
2007-02-01,B,.081793353
2007-02-01,C,.18126179
2007-02-01,D,.15775977
2007-02-01,E,.10373678
2007-02-01,F,.040203508
2007-02-01,G,.33648446
2007-02-01,H,.089567624
2007-02-01,I,.41780347
2007-02-01,J,.33844081
2007-02-01,K,.46532333
2007-02-01,L,.32972854
2007-02-01,M,.40283585
2007-02-01,N,.30910525
2007-02-01,O,.38412431
2007-02-01,P,.74114329
2007-02-01,Q,.73008555
2007-02-01,R,.39266977
2007-02-01,S,.45590878
2007-02-01,U,.53493613
2007-02-01,Z,.31141201
2007-03-01,A,.11494359
2007-03-01,B,.082175545
2007-03-01,C,.18011303
2007-03-01,D,.15786014
2007-03-01,E,.10309646
2007-03-01,F,.039660294
2007-03-01,G,.33351338
2007-03-01,H,.089113742
2007-03-01,I,.41491902
2007-03-01,J,.33800501
2007-03-01,K,.46731076
2007-03-01,L,.3260498
2007-03-01,M,.40382564
2007-03-01,N,.30856621
2007-03-01,O,.38410705
2007-03-01,P,.74019814
2007-03-01,Q,.73009014
2007-03-01,R,.3891485
2007-03-01,S,.45741737
2007-03-01,U,.53656715
2007-03-01,Z,.30232558
2007-04-01,A,.11087397
2007-04-01,B,.082357138
2007-04-01,C,.17929171
2007-04-01,D,.15806159
2007-04-01,E,.10267892
2007-04-01,F,.039797891
2007-04-01,G,.33209184
2007-04-01,H,.088377282
2007-04-01,I,.41489488
2007-04-01,J,.33742505
2007-04-01,K,.46757746
2007-04-01,L,.32482973
2007-04-01,M,.40277627
2007-04-01,N,.30970308
2007-04-01,O,.38597664
2007-04-01,P,.74161994
2007-04-01,Q,.73015696
2007-04-01,R,.3907119
2007-04-01,S,.45957243
2007-04-01,U,.53313255
2007-04-01,Z,.29981378
2007-05-01,A,.10273044
2007-05-01,B,.081832394
2007-05-01,C,.17772934
2007-05-01,D,.15832657
2007-05-01,E,.10268438
2007-05-01,F,.039191611
2007-05-01,G,.33191368
2007-05-01,H,.08786501
2007-05-01,I,.4119764
2007-05-01,J,.33694556
2007-05-01,K,.46721202
2007-05-01,L,.32408696
2007-05-01,M,.4036994
2007-05-01,N,.31280631
2007-05-01,O,.38624337
2007-05-01,P,.74119395
2007-05-01,Q,.72957814
2007-05-01,R,.38964757
2007-05-01,S,.46187526
2007-05-01,U,.53323263
2007-05-01,Z,.31656185
2007-06-01,A,.10061727
2007-06-01,B,.081460409
2007-06-01,C,.17785479
2007-06-01,D,.15895921
2007-06-01,E,.1023003
2007-06-01,F,.039432805
2007-06-01,G,.33350036
2007-06-01,H,.088251941
2007-06-01,I,.41249579
2007-06-01,J,.33723909
2007-06-01,K,.46855831
2007-06-01,L,.32475206
2007-06-01,M,.40846956
2007-06-01,N,.31293654
2007-06-01,O,.30498648
2007-06-01,P,.74014229
2007-06-01,Q,.72871876
2007-06-01,R,.39508954
2007-06-01,S,.4636226
2007-06-01,U,.53157896
2007-06-01,Z,.30802602
2007-07-01,A,.097690053
2007-07-01,B,.082323261
2007-07-01,C,.17655127
2007-07-01,D,.15992109
2007-07-01,E,.10393374
2007-07-01,F,.039924823
2007-07-01,G,.33451933
2007-07-01,H,.08879476
2007-07-01,I,.41687149
2007-07-01,J,.3385298
2007-07-01,K,.46882161
2007-07-01,L,.3260605
2007-07-01,M,.40678668
2007-07-01,N,.31333771
2007-07-01,O,.30248839
2007-07-01,P,.74160695
2007-07-01,Q,.72898191
2007-07-01,R,.3996062
2007-07-01,S,.4640111
2007-07-01,U,.53218561
2007-07-01,Z,.30000001
2007-08-01,A,.09607733
2007-08-01,B,.081636697
2007-08-01,C,.17659774
2007-08-01,D,.16068925
2007-08-01,E,.10394091
2007-08-01,F,.040121965
2007-08-01,G,.33542433
2007-08-01,H,.089159101
2007-08-01,I,.41717154
2007-08-01,J,.33882633
2007-08-01,K,.46916911
2007-08-01,L,.3291254
2007-08-01,M,.40720242
2007-08-01,N,.31355983
2007-08-01,O,.30406824
2007-08-01,P,.73971748
2007-08-01,Q,.72928619
2007-08-01,R,.39701131
2007-08-01,S,.46451226
2007-08-01,U,.53047407
2007-08-01,Z,.28484848
2007-09-01,A,.095396459
2007-09-01,B,.08111234
2007-09-01,C,.17694622
2007-09-01,D,.1605036
2007-09-01,E,.10374391
2007-09-01,F,.040433832
2007-09-01,G,.33483505
2007-09-01,H,.088655889
2007-09-01,I,.41643849
2007-09-01,J,.3380087
2007-09-01,K,.47003347
2007-09-01,L,.3273536
2007-09-01,M,.40865082
2007-09-01,N,.31589964
2007-09-01,O,.30411619
2007-09-01,P,.74000865
2007-09-01,Q,.72950834
2007-09-01,R,.39198259
2007-09-01,S,.46506584
2007-09-01,U,.53472739
2007-09-01,Z,.26923078
2007-10-01,A,.10725512
2007-10-01,B,.082527161
2007-10-01,C,.17726608
2007-10-01,D,.16012031
2007-10-01,E,.10284706
2007-10-01,F,.040646344
2007-10-01,G,.33562735
2007-10-01,H,.089195713
2007-10-01,I,.42010027
2007-10-01,J,.33973938
2007-10-01,K,.4714509
2007-10-01,L,.32862741
2007-10-01,M,.40852123
2007-10-01,N,.31555438
2007-10-01,O,.29530242
2007-10-01,P,.74015623
2007-10-01,Q,.72987425
2007-10-01,R,.39087769
2007-10-01,S,.46581048
2007-10-01,U,.53298742
2007-10-01,Z,.28375733
2007-11-01,A,.11926215
2007-11-01,B,.081697732
2007-11-01,C,.17707208
2007-11-01,D,.16058247
2007-11-01,E,.10425767
2007-11-01,F,.041191272
2007-11-01,G,.33676919
2007-11-01,H,.089326024
2007-11-01,I,.42077842
2007-11-01,J,.34133181
2007-11-01,K,.47260109
2007-11-01,L,.33078557
2007-11-01,M,.41176385
2007-11-01,N,.3182998
2007-11-01,O,.29544771
2007-11-01,P,.73993999
2007-11-01,Q,.72994447
2007-11-01,R,.39092162
2007-11-01,S,.4659625
2007-11-01,U,.53515917
2007-11-01,Z,.26797387
2007-12-01,A,.11686058
2007-12-01,B,.081896991
2007-12-01,C,.17934701
2007-12-01,D,.16121092
2007-12-01,E,.10298581
2007-12-01,F,.043428387
2007-12-01,G,.34109834
2007-12-01,H,.089266263
2007-12-01,I,.42545357
2007-12-01,J,.34129408
2007-12-01,K,.47338644
2007-12-01,L,.33416724
2007-12-01,M,.41739529
2007-12-01,N,.31250852
2007-12-01,O,.29203904
2007-12-01,P,.73973244
2007-12-01,Q,.72990918
2007-12-01,R,.39470449
2007-12-01,S,.46694857
2007-12-01,U,.5378955
2007-12-01,Z,.25213677
2008-01-01,A,.11440375
2008-01-01,B,.081994131
2008-01-01,C,.1809189
2008-01-01,D,.16077386
2008-01-01,E,.10253084
2008-01-01,F,.043720249
2008-01-01,G,.3435849
2008-01-01,H,.092444696
2008-01-01,I,.42910263
2008-01-01,J,.33994621
2008-01-01,K,.47377554
2008-01-01,L,.33669868
2008-01-01,M,.41154176
2008-01-01,N,.30935642
2008-01-01,O,.29604957
2008-01-01,P,.74117714
2008-01-01,Q,.72938436
2008-01-01,R,.39960107
2008-01-01,S,.46463791
2008-01-01,U,.53259259
2008-01-01,Z,.25576037
2008-02-01,A,.11719062
2008-02-01,B,.083642818
2008-02-01,C,.18159711
2008-02-01,D,.16023389
2008-02-01,E,.10263003
2008-02-01,F,.043427277
2008-02-01,G,.34265319
2008-02-01,H,.090024963
2008-02-01,I,.42958385
2008-02-01,J,.34209287
2008-02-01,K,.47544736
2008-02-01,L,.3352139
2008-02-01,M,.41214359
2008-02-01,N,.31185004
2008-02-01,O,.29619595
2008-02-01,P,.74097031
2008-02-01,Q,.72938895
2008-02-01,R,.3988781
2008-02-01,S,.46379101
2008-02-01,U,.53484958
2008-02-01,Z,.26618704
2008-03-01,A,.11742977
2008-03-01,B,.083150245
2008-03-01,C,.18116036
2008-03-01,D,.15990174
2008-03-01,E,.10289979
2008-03-01,F,.043371081
2008-03-01,G,.34098196
2008-03-01,H,.089590088
2008-03-01,I,.42788678
2008-03-01,J,.34223399
2008-03-01,K,.4764137
2008-03-01,L,.33526477
2008-03-01,M,.41233924
2008-03-01,N,.31520903
2008-03-01,O,.29414755
2008-03-01,P,.74066651
2008-03-01,Q,.72948098
2008-03-01,R,.39827871
2008-03-01,S,.4640314
2008-03-01,U,.5384047
2008-03-01,Z,.27832511
2008-04-01,A,.11399737
2008-04-01,B,.082782887
2008-04-01,C,.18032752
2008-04-01,D,.15990458
2008-04-01,E,.10347532
2008-04-01,F,.042679321
2008-04-01,G,.33962208
2008-04-01,H,.088890843
2008-04-01,I,.42652825
2008-04-01,J,.34161529
2008-04-01,K,.47553307
2008-04-01,L,.33309329
2008-04-01,M,.41472909
2008-04-01,N,.31709895
2008-04-01,O,.29596061
2008-04-01,P,.74091196
2008-04-01,Q,.72948378
2008-04-01,R,.39508051
2008-04-01,S,.46614537
2008-04-01,U,.5420354
2008-04-01,Z,.27419356
2008-05-01,A,.10686477
2008-05-01,B,.083277866
2008-05-01,C,.17901869
2008-05-01,D,.16042887
2008-05-01,E,.10449827
2008-05-01,F,.042833325
2008-05-01,G,.34097874
2008-05-01,H,.089099012
2008-05-01,I,.42649758
2008-05-01,J,.34111324
2008-05-01,K,.4761312
2008-05-01,L,.33218792
2008-05-01,M,.41331866
2008-05-01,N,.32073069
2008-05-01,O,.30740443
2008-05-01,P,.7410509
2008-05-01,Q,.72975743
2008-05-01,R,.39877415
2008-05-01,S,.46771666
2008-05-01,U,.54245973
2008-05-01,Z,.25345623
2008-06-01,A,.10499904
2008-06-01,B,.083552904
2008-06-01,C,.17920713
2008-06-01,D,.16106245
2008-06-01,E,.10457952
2008-06-01,F,.043619864
2008-06-01,G,.34220374
2008-06-01,H,.08927156
2008-06-01,I,.42762244
2008-06-01,J,.34057158
2008-06-01,K,.47714666
2008-06-01,L,.33470294
2008-06-01,M,.41477314
2008-06-01,N,.32364178
2008-06-01,O,.30412662
2008-06-01,P,.7405315
2008-06-01,Q,.73030829
2008-06-01,R,.39901096
2008-06-01,S,.47053334
2008-06-01,U,.53777778
2008-06-01,Z,.24145786
2008-07-01,A,.10233749
2008-07-01,B,.083852306
2008-07-01,C,.17837527
2008-07-01,D,.16125913
2008-07-01,E,.10293499
2008-07-01,F,.044127524
2008-07-01,G,.34187213
2008-07-01,H,.089484595
2008-07-01,I,.43014902
2008-07-01,J,.34205988
2008-07-01,K,.47724888
2008-07-01,L,.33513927
2008-07-01,M,.41586831
2008-07-01,N,.32418272
2008-07-01,O,.29845026
2008-07-01,P,.74156576
2008-07-01,Q,.72990316
2008-07-01,R,.40221965
2008-07-01,S,.47028187
2008-07-01,U,.5371471
2008-07-01,Z,.25765306
2008-08-01,A,.10041911
2008-08-01,B,.084103808
2008-08-01,C,.1778702
2008-08-01,D,.16075888
2008-08-01,E,.10337128
2008-08-01,F,.044537343
2008-08-01,G,.34290907
2008-08-01,H,.089888282
2008-08-01,I,.43073219
2008-08-01,J,.33867931
2008-08-01,K,.47741482
2008-08-01,L,.33752844
2008-08-01,M,.41991878
2008-08-01,N,.32603365
2008-08-01,O,.29963541
2008-08-01,P,.74012727
2008-08-01,Q,.73017377
2008-08-01,R,.40165207
2008-08-01,S,.47048798
2008-08-01,U,.53531599
2008-08-01,Z,.24870466
2008-09-01,A,.10238302
2008-09-01,B,.084581234
2008-09-01,C,.1779882
2008-09-01,D,.16093412
2008-09-01,E,.10362989
2008-09-01,F,.044467486
2008-09-01,G,.34298563
2008-09-01,H,.090248935
2008-09-01,I,.43001011
2008-09-01,J,.33798996
2008-09-01,K,.47736001
2008-09-01,L,.33700085
2008-09-01,M,.41830087
2008-09-01,N,.3277182
2008-09-01,O,.30089515
2008-09-01,P,.74028718
2008-09-01,Q,.73025924
2008-09-01,R,.40007156
2008-09-01,S,.47158688
2008-09-01,U,.53942519
2008-09-01,Z,.24396783
2008-10-01,A,.1183624
2008-10-01,B,.084272943
2008-10-01,C,.17877318
2008-10-01,D,.16177018
2008-10-01,E,.10338896
2008-10-01,F,.044311881
2008-10-01,G,.34412405
2008-10-01,H,.090717427
2008-10-01,I,.43206146
2008-10-01,J,.33772802
2008-10-01,K,.47778767
2008-10-01,L,.33952755
2008-10-01,M,.41988415
2008-10-01,N,.33139426
2008-10-01,O,.29977641
2008-10-01,P,.74076879
2008-10-01,Q,.73077464
2008-10-01,R,.39891109
2008-10-01,S,.47184998
2008-10-01,U,.53773582
2008-10-01,Z,.25340599
2008-11-01,A,.12285571
2008-11-01,B,.084744111
2008-11-01,C,.17899619
2008-11-01,D,.16216572
2008-11-01,E,.10348637
2008-11-01,F,.04512874
2008-11-01,G,.34526032
2008-11-01,H,.091162816
2008-11-01,I,.4337073
2008-11-01,J,.33793133
2008-11-01,K,.47758502
2008-11-01,L,.33952826
2008-11-01,M,.42376879
2008-11-01,N,.33119246
2008-11-01,O,.30256072
2008-11-01,P,.74019533
2008-11-01,Q,.73104095
2008-11-01,R,.39838967
2008-11-01,S,.472381
2008-11-01,U,.5363372
2008-11-01,Z,.25663716
2008-12-01,A,.11521441
2008-12-01,B,.084785022
2008-12-01,C,.18078274
2008-12-01,D,.16284849
2008-12-01,E,.10277369
2008-12-01,F,.046918977
2008-12-01,G,.34853634
2008-12-01,H,.090869538
2008-12-01,I,.43571481
2008-12-01,J,.33795851
2008-12-01,K,.47722912
2008-12-01,L,.34278774
2008-12-01,M,.42545971
2008-12-01,N,.32800204
2008-12-01,O,.30457881
2008-12-01,P,.73853272
2008-12-01,Q,.73106551
2008-12-01,R,.39710525
2008-12-01,S,.47207817
2008-12-01,U,.53940707
2008-12-01,Z,.250774
2009-01-01,A,.11816432
2009-01-01,B,.085951403
2009-01-01,C,.18355049
2009-01-01,D,.16233921
2009-01-01,E,.10213493
2009-01-01,F,.047950491
2009-01-01,G,.35136193
2009-01-01,H,.090666309
2009-01-01,I,.44085991
2009-01-01,J,.33702809
2009-01-01,K,.47482532
2009-01-01,L,.34571242
2009-01-01,M,.42206296
2009-01-01,N,.32899165
2009-01-01,O,.31458333
2009-01-01,P,.73955709
2009-01-01,Q,.73137546
2009-01-01,R,.40140137
2009-01-01,S,.47022563
2009-01-01,U,.54441261
2009-01-01,Z,.24902724
2009-02-01,A,.12081462
2009-02-01,B,.08544521
2009-02-01,C,.18439019
2009-02-01,D,.16246821
2009-02-01,E,.1021627
2009-02-01,F,.04786846
2009-02-01,G,.34979922
2009-02-01,H,.090714753
2009-02-01,I,.44009319
2009-02-01,J,.33709583
2009-02-01,K,.47257236
2009-02-01,L,.3429848
2009-02-01,M,.42482868
2009-02-01,N,.33415592
2009-02-01,O,.30528089
2009-02-01,P,.74016798
2009-02-01,Q,.73193961
2009-02-01,R,.399876
2009-02-01,S,.46951324
2009-02-01,U,.54500002
2009-02-01,Z,.2388664
2009-03-01,A,.12218993
2009-03-01,B,.085540585
2009-03-01,C,.1835613
2009-03-01,D,.16179946
2009-03-01,E,.10525518
2009-03-01,F,.047246438
2009-03-01,G,.34749711
2009-03-01,H,.090099782
2009-03-01,I,.43544412
2009-03-01,J,.33662739
2009-03-01,K,.47238165
2009-03-01,L,.33948117
2009-03-01,M,.42478782
2009-03-01,N,.33539236
2009-03-01,O,.30308902
2009-03-01,P,.7395708
2009-03-01,Q,.73220444
2009-03-01,R,.396294
2009-03-01,S,.47025633
2009-03-01,U,.54190749
2009-03-01,Z,.24894515
2009-04-01,A,.11541284
2009-04-01,B,.085891142
2009-04-01,C,.1825619
2009-04-01,D,.1614463
2009-04-01,E,.10481428
2009-04-01,F,.047348943
2009-04-01,G,.34667844
2009-04-01,H,.089482941
2009-04-01,I,.4341884
2009-04-01,J,.33615157
2009-04-01,K,.4724265
2009-04-01,L,.3390854
2009-04-01,M,.42626512
2009-04-01,N,.33771953
2009-04-01,O,.30336353
2009-04-01,P,.7404089
2009-04-01,Q,.73248792
2009-04-01,R,.39629969
2009-04-01,S,.47224787
2009-04-01,U,.54889363
2009-04-01,Z,.25110132
2009-05-01,A,.10774717
2009-05-01,B,.086170606
2009-05-01,C,.18136616
2009-05-01,D,.16122024
2009-05-01,E,.10618512
2009-05-01,F,.047296125
2009-05-01,G,.34709814
2009-05-01,H,.08915849
2009-05-01,I,.4314698
2009-05-01,J,.33297148
2009-05-01,K,.47142899
2009-05-01,L,.33906442
2009-05-01,M,.43026859
2009-05-01,N,.33987159
2009-05-01,O,.30161771
2009-05-01,P,.73978788
2009-05-01,Q,.73233706
2009-05-01,R,.39589673
2009-05-01,S,.47242379
2009-05-01,U,.55113637
2009-05-01,Z,.23684211
2009-06-01,A,.1061811
2009-06-01,B,.086160138
2009-06-01,C,.18110844
2009-06-01,D,.16166805
2009-06-01,E,.10600434
2009-06-01,F,.047284883
2009-06-01,G,.34728175
2009-06-01,H,.089399338
2009-06-01,I,.43136275
2009-06-01,J,.33448792
2009-06-01,K,.47143817
2009-06-01,L,.33866206
2009-06-01,M,.4299733
2009-06-01,N,.33970743
2009-06-01,O,.30314529
2009-06-01,P,.73965108
2009-06-01,Q,.73221517
2009-06-01,R,.39723861
2009-06-01,S,.47244883
2009-06-01,U,.55046153
2009-06-01,Z,.2271167
2009-07-01,A,.10461503
2009-07-01,B,.086149678
2009-07-01,C,.18085073
2009-07-01,D,.16211586
2009-07-01,E,.10582356
2009-07-01,F,.04727364
2009-07-01,G,.34746534
2009-07-01,H,.089640178
2009-07-01,I,.43125567
2009-07-01,J,.33600438
2009-07-01,K,.47144732
2009-07-01,L,.3382597
2009-07-01,M,.42967802
2009-07-01,N,.33954325
2009-07-01,O,.3046729
2009-07-01,P,.73951423
2009-07-01,Q,.73209327
2009-07-01,R,.39858046
2009-07-01,S,.47247389
2009-07-01,U,.54978663
2009-07-01,Z,.2173913
2009-08-01,A,.10338821
2009-08-01,B,.086067848
2009-08-01,C,.1808725
2009-08-01,D,.16252865
2009-08-01,E,.10618273
2009-08-01,F,.047867652
2009-08-01,G,.34745103
2009-08-01,H,.089727163
2009-08-01,I,.43070641
2009-08-01,J,.33289585
2009-08-01,K,.47249579
2009-08-01,L,.33913052
2009-08-01,M,.43119842
2009-08-01,N,.33842081
2009-08-01,O,.30488393
2009-08-01,P,.73920083
2009-08-01,Q,.73214042
2009-08-01,R,.39839384
2009-08-01,S,.47323883
2009-08-01,U,.54886687
2009-08-01,Z,.22026432
2009-09-01,A,.10556677
2009-09-01,B,.085952848
2009-09-01,C,.18113315
2009-09-01,D,.16283385
2009-09-01,E,.10620149
2009-09-01,F,.048086405
2009-09-01,G,.34683001
2009-09-01,H,.08967603
2009-09-01,I,.43113422
2009-09-01,J,.33272788
2009-09-01,K,.47350216
2009-09-01,L,.33971915
2009-09-01,M,.43134421
2009-09-01,N,.33876368
2009-09-01,O,.30296588
2009-09-01,P,.7389757
2009-09-01,Q,.73224074
2009-09-01,R,.40029058
2009-09-01,S,.47412288
2009-09-01,U,.54989386
2009-09-01,Z,.22268908
2009-10-01,A,.11525923
2009-10-01,B,.085576385
2009-10-01,C,.18113598
2009-10-01,D,.1628724
2009-10-01,E,.10545787
2009-10-01,F,.047920723
2009-10-01,G,.34718984
2009-10-01,H,.090517998
2009-10-01,I,.43236494
2009-10-01,J,.33347267
2009-10-01,K,.47413552
2009-10-01,L,.34144032
2009-10-01,M,.43183449
2009-10-01,N,.33721256
2009-10-01,O,.30617952
2009-10-01,P,.73847735
2009-10-01,Q,.73234773
2009-10-01,R,.39844406
2009-10-01,S,.47474492
2009-10-01,U,.54816902
2009-10-01,Z,.22293252
2009-11-01,A,.12495169
2009-11-01,B,.08519993
2009-11-01,C,.1811388
2009-11-01,D,.16291095
2009-11-01,E,.10471424
2009-11-01,F,.04775504
2009-11-01,G,.34754968
2009-11-01,H,.091359958
2009-11-01,I,.43359563
2009-11-01,J,.33421746
2009-11-01,K,.47476888
2009-11-01,L,.34316146
2009-11-01,M,.43232477
2009-11-01,N,.33566141
2009-11-01,O,.30939314
2009-11-01,P,.73797899
2009-11-01,Q,.73245466
2009-11-01,R,.3965975
2009-11-01,S,.47536692
2009-11-01,U,.54644412
2009-11-01,Z,.22317597
2009-12-01,A,.11649285
2009-12-01,B,.085767716
2009-12-01,C,.18267007
2009-12-01,D,.16382842
2009-12-01,E,.10494742
2009-12-01,F,.049677875
2009-12-01,G,.35153601
2009-12-01,H,.090591349
2009-12-01,I,.4361378
2009-12-01,J,.33441311
2009-12-01,K,.47597405
2009-12-01,L,.34591746
2009-12-01,M,.43510929
2009-12-01,N,.3333551
2009-12-01,O,.3168841
2009-12-01,P,.73728532
2009-12-01,Q,.73219514
2009-12-01,R,.39689091
2009-12-01,S,.47248566
2009-12-01,U,.5476529
2009-12-01,Z,.23245615
2010-01-01,A,.11846141
2010-01-01,B,.085261419
2010-01-01,C,.1844206
2010-01-01,D,.16360694
2010-01-01,E,.10481517
2010-01-01,F,.050372053
2010-01-01,G,.35261172
2010-01-01,H,.090129137
2010-01-01,I,.43994686
2010-01-01,J,.33387694
2010-01-01,K,.47620961
2010-01-01,L,.34834349
2010-01-01,M,.43580127
2010-01-01,N,.32863039
2010-01-01,O,.3154417
2010-01-01,P,.73874968
2010-01-01,Q,.73207927
2010-01-01,R,.40141484
2010-01-01,S,.46928164
2010-01-01,U,.54787618
2010-01-01,Z,.21761657
2010-02-01,A,.12223853
2010-02-01,B,.085883312
2010-02-01,C,.18486884
2010-02-01,D,.16387235
2010-02-01,E,.10328059
2010-02-01,F,.049778033
2010-02-01,G,.35176918
2010-02-01,H,.090377778
2010-02-01,I,.43946189
2010-02-01,J,.3345373
2010-02-01,K,.4767856
2010-02-01,L,.34829354
2010-02-01,M,.432776
2010-02-01,N,.33163774
2010-02-01,O,.31594408
2010-02-01,P,.73915005
2010-02-01,Q,.73218769
2010-02-01,R,.3984403
2010-02-01,S,.46934414
2010-02-01,U,.54538906
2010-02-01,Z,.21538462
2010-03-01,A,.12117524
2010-03-01,B,.085788183
2010-03-01,C,.1841303
2010-03-01,D,.16375601
2010-03-01,E,.10378865
2010-03-01,F,.048987154
2010-03-01,G,.34883758
2010-03-01,H,.089943267
2010-03-01,I,.43568653
2010-03-01,J,.33370718
2010-03-01,K,.47650361
2010-03-01,L,.34576967
2010-03-01,M,.43320575
2010-03-01,N,.33216566
2010-03-01,O,.31716216
2010-03-01,P,.73781002
2010-03-01,Q,.7325902
2010-03-01,R,.39690992
2010-03-01,S,.47031769
2010-03-01,U,.54780734
2010-03-01,Z,.2029703
2010-04-01,A,.11515417
2010-04-01,B,.085543245
2010-04-01,C,.18275252
2010-04-01,D,.16384158
2010-04-01,E,.10332139
2010-04-01,F,.049506892
2010-04-01,G,.34819856
2010-04-01,H,.089666866
2010-04-01,I,.43485644
2010-04-01,J,.33479428
2010-04-01,K,.47736052
2010-04-01,L,.34509698
2010-04-01,M,.43361986
2010-04-01,N,.33138239
2010-04-01,O,.31655335
2010-04-01,P,.73926789
2010-04-01,Q,.73206598
2010-04-01,R,.39985684
2010-04-01,S,.47124204
2010-04-01,U,.54827088
2010-04-01,Z,.23943663
2010-05-01,A,.1068967
2010-05-01,B,.085014485
2010-05-01,C,.18098754
2010-05-01,D,.16390198
2010-05-01,E,.10356693
2010-05-01,F,.049646303
2010-05-01,G,.34887153
2010-05-01,H,.08907444
2010-05-01,I,.43287864
2010-05-01,J,.3329581
2010-05-01,K,.47849467
2010-05-01,L,.3466444
2010-05-01,M,.43539038
2010-05-01,N,.33368185
2010-05-01,O,.32041359
2010-05-01,P,.73896718
2010-05-01,Q,.73168814
2010-05-01,R,.39917338
2010-05-01,S,.4724147
2010-05-01,U,.54838711
2010-05-01,Z,.21621622
2010-06-01,A,.10555483
2010-06-01,B,.085861422
2010-06-01,C,.18152992
2010-06-01,D,.16447562
2010-06-01,E,.10459485
2010-06-01,F,.049675971
2010-06-01,G,.34941551
2010-06-01,H,.089187436
2010-06-01,I,.43357733
2010-06-01,J,.3327443
2010-06-01,K,.47949734
2010-06-01,L,.34674111
2010-06-01,M,.43666407
2010-06-01,N,.33253831
2010-06-01,O,.32256502
2010-06-01,P,.73807532
2010-06-01,Q,.73185945
2010-06-01,R,.40284538
2010-06-01,S,.47337478
2010-06-01,U,.55167496
2010-06-01,Z,.23502304
2010-07-01,A,.10108301
2010-07-01,B,.0847748
2010-07-01,C,.18033166
2010-07-01,D,.16382769
2010-07-01,E,.10396674
2010-07-01,F,.049665727
2010-07-01,G,.35052431
2010-07-01,H,.08984375
2010-07-01,I,.4354941
2010-07-01,J,.33428922
2010-07-01,K,.48002177
2010-07-01,L,.34883642
2010-07-01,M,.43744177
2010-07-01,N,.33216575
2010-07-01,O,.32205555
2010-07-01,P,.73912692
2010-07-01,Q,.73151249
2010-07-01,R,.40421697
2010-07-01,S,.47250634
2010-07-01,U,.55216467
2010-07-01,Z,.24509804
2010-08-01,A,.10224204
2010-08-01,B,.084878094
2010-08-01,C,.18030784
2010-08-01,D,.16403712
2010-08-01,E,.10381325
2010-08-01,F,.049134545
2010-08-01,G,.3508864
2010-08-01,H,.089578137
2010-08-01,I,.43498501
2010-08-01,J,.33373657
2010-08-01,K,.48051226
2010-08-01,L,.34892586
2010-08-01,M,.43681866
2010-08-01,N,.33282623
2010-08-01,O,.32212812
2010-08-01,P,.73853809
2010-08-01,Q,.73171544
2010-08-01,R,.40237355
2010-08-01,S,.47300979
2010-08-01,U,.55167496
2010-08-01,Z,.25252524
2010-09-01,A,.10352188
2010-09-01,B,.08519084
2010-09-01,C,.17995735
2010-09-01,D,.16422717
2010-09-01,E,.10471154
2010-09-01,F,.048689697
2010-09-01,G,.34981564
2010-09-01,H,.089689977
2010-09-01,I,.43541464
2010-09-01,J,.33292907
2010-09-01,K,.48039371
2010-09-01,L,.34949347
2010-09-01,M,.43768111
2010-09-01,N,.33310178
2010-09-01,O,.32256198
2010-09-01,P,.73861861
2010-09-01,Q,.73151922
2010-09-01,R,.40142173
2010-09-01,S,.47340885
2010-09-01,U,.5455187
2010-09-01,Z,.245
2010-10-01,A,.11363649
2010-10-01,B,.084744923
2010-10-01,C,.17976683
2010-10-01,D,.164167
2010-10-01,E,.10346315
2010-10-01,F,.048573904
2010-10-01,G,.3505193
2010-10-01,H,.090488352
2010-10-01,I,.43637052
2010-10-01,J,.3330501
2010-10-01,K,.48232552
2010-10-01,L,.34919581
2010-10-01,M,.43804383
2010-10-01,N,.33537039
2010-10-01,O,.32241434
2010-10-01,P,.73849648
2010-10-01,Q,.73170877
2010-10-01,R,.39990434
2010-10-01,S,.47254419
2010-10-01,U,.54455447
2010-10-01,Z,.23786408
2010-11-01,A,.12023593
2010-11-01,B,.084912635
2010-11-01,C,.17992529
2010-11-01,D,.1633434
2010-11-01,E,.10292447
2010-11-01,F,.048003174
2010-11-01,G,.35104141
2010-11-01,H,.090800427
2010-11-01,I,.43707943
2010-11-01,J,.33308429
2010-11-01,K,.48223031
2010-11-01,L,.3491976
2010-11-01,M,.43645105
2010-11-01,N,.33529797
2010-11-01,O,.32476202
2010-11-01,P,.73769832
2010-11-01,Q,.73160845
2010-11-01,R,.3988438
2010-11-01,S,.47242931
2010-11-01,U,.5460943
2010-11-01,Z,.25510204
2010-12-01,A,.11848654
2010-12-01,B,.085551471
2010-12-01,C,.18194254
2010-12-01,D,.16323541
2010-12-01,E,.10384742
2010-12-01,F,.049644049
2010-12-01,G,.35507309
2010-12-01,H,.090916142
2010-12-01,I,.43853036
2010-12-01,J,.33306733
2010-12-01,K,.48307046
2010-12-01,L,.35282549
2010-12-01,M,.43978509
2010-12-01,N,.3315345
2010-12-01,O,.32611483
2010-12-01,P,.73664999
2010-12-01,Q,.73170608
2010-12-01,R,.40299037
2010-12-01,S,.47256994
2010-12-01,U,.54834157
2010-12-01,Z,.2565445
2011-01-01,A,.12061191
2011-01-01,B,.086232089
2011-01-01,C,.18352364
2011-01-01,D,.16303523
2011-01-01,E,.10362682
2011-01-01,F,.050046828
2011-01-01,G,.3562741
2011-01-01,H,.091359742
2011-01-01,I,.44487336
2011-01-01,J,.33253869
2011-01-01,K,.48361278
2011-01-01,L,.3568944
2011-01-01,M,.43796763
2011-01-01,N,.32977331
2011-01-01,O,.31918481
2011-01-01,P,.7387473
2011-01-01,Q,.73150146
2011-01-01,R,.40636709
2011-01-01,S,.46944389
2011-01-01,U,.54777068
2011-01-01,Z,.22950819
2011-02-01,A,.12466082
2011-02-01,B,.086471684
2011-02-01,C,.18325365
2011-02-01,D,.16311781
2011-02-01,E,.10375992
2011-02-01,F,.049576107
2011-02-01,G,.35480341
2011-02-01,H,.09094809
2011-02-01,I,.44479364
2011-02-01,J,.333056
2011-02-01,K,.48430204
2011-02-01,L,.35563144
2011-02-01,M,.4356859
2011-02-01,N,.3327516
2011-02-01,O,.29967889
2011-02-01,P,.74056107
2011-02-01,Q,.73158002
2011-02-01,R,.40614846
2011-02-01,S,.46982837
2011-02-01,U,.54467475
2011-02-01,Z,.24550898
2011-03-01,A,.12136281
2011-03-01,B,.086132027
2011-03-01,C,.18247798
2011-03-01,D,.16230163
2011-03-01,E,.10321678
2011-03-01,F,.048929326
2011-03-01,G,.351926
2011-03-01,H,.090446562
2011-03-01,I,.43969738
2011-03-01,J,.33240569
2011-03-01,K,.48389497
2011-03-01,L,.35320288
2011-03-01,M,.43628779
2011-03-01,N,.33276811
2011-03-01,O,.29910171
2011-03-01,P,.73818737
2011-03-01,Q,.73185927
2011-03-01,R,.40151706
2011-03-01,S,.47111759
2011-03-01,U,.54187542
2011-03-01,Z,.24096386
2011-04-01,A,.11501331
2011-04-01,B,.086287811
2011-04-01,C,.18229626
2011-04-01,D,.16170204
2011-04-01,E,.102998
2011-04-01,F,.048804775
2011-04-01,G,.35060114
2011-04-01,H,.089975163
2011-04-01,I,.43823895
2011-04-01,J,.33266878
2011-04-01,K,.48445141
2011-04-01,L,.35072914
2011-04-01,M,.43899643
2011-04-01,N,.33065662
2011-04-01,O,.29936534
2011-04-01,P,.73881352
2011-04-01,Q,.73173803
2011-04-01,R,.40109879
2011-04-01,S,.47294614
2011-04-01,U,.53818184
2011-04-01,Z,.24675325
2011-05-01,A,.10785133
2011-05-01,B,.087329619
2011-05-01,C,.18107544
2011-05-01,D,.16140747
2011-05-01,E,.1038526
2011-05-01,F,.048046697
2011-05-01,G,.35086757
2011-05-01,H,.089544177
2011-05-01,I,.43642855
2011-05-01,J,.33283898
2011-05-01,K,.48472974
2011-05-01,L,.35081401
2011-05-01,M,.43700594
2011-05-01,N,.33088696
2011-05-01,O,.29677138
2011-05-01,P,.73846763
2011-05-01,Q,.73142165
2011-05-01,R,.40400746
2011-05-01,S,.47485408
2011-05-01,U,.5363372
2011-05-01,Z,.22916667
2011-06-01,A,.10614903
2011-06-01,B,.08796268
2011-06-01,C,.18126601
2011-06-01,D,.16144912
2011-06-01,E,.10447588
2011-06-01,F,.048258312
2011-06-01,G,.35149392
2011-06-01,H,.089622423
2011-06-01,I,.43657616
2011-06-01,J,.3321979
2011-06-01,K,.48501649
2011-06-01,L,.35109636
2011-06-01,M,.43770653
2011-06-01,N,.33191091
2011-06-01,O,.29487562
2011-06-01,P,.73772979
2011-06-01,Q,.73137182
2011-06-01,R,.40393034
2011-06-01,S,.47556639
2011-06-01,U,.53678077
2011-06-01,Z,.23188406
2011-07-01,A,.10505643
2011-07-01,B,.088146672
2011-07-01,C,.18161459
2011-07-01,D,.16193439
2011-07-01,E,.10511061
2011-07-01,F,.048402853
2011-07-01,G,.35216662
2011-07-01,H,.089858644
2011-07-01,I,.43789563
2011-07-01,J,.33379224
2011-07-01,K,.48495087
2011-07-01,L,.35271078
2011-07-01,M,.43793711
2011-07-01,N,.33142886
2011-07-01,O,.29329023
2011-07-01,P,.73865998
2011-07-01,Q,.73117173
2011-07-01,R,.40629727
2011-07-01,S,.47597754
2011-07-01,U,.53862971
2011-07-01,Z,.25
2011-08-01,A,.10519239
2011-08-01,B,.087327778
2011-08-01,C,.18184859
2011-08-01,D,.16250625
2011-08-01,E,.10457288
2011-08-01,F,.048146997
2011-08-01,G,.35281152
2011-08-01,H,.089849129
2011-08-01,I,.43696967
2011-08-01,J,.33265629
2011-08-01,K,.48516479
2011-08-01,L,.35382074
2011-08-01,M,.43805432
2011-08-01,N,.33134362
2011-08-01,O,.29306236
2011-08-01,P,.73795056
2011-08-01,Q,.7309801
2011-08-01,R,.4058491
2011-08-01,S,.48071826
2011-08-01,U,.54196817
2011-08-01,Z,.2635659
2011-09-01,A,.10690622
2011-09-01,B,.088348903
2011-09-01,C,.18199079
2011-09-01,D,.16260017
2011-09-01,E,.10429815
2011-09-01,F,.048122916
2011-09-01,G,.35204935
2011-09-01,H,.090049967
2011-09-01,I,.43728489
2011-09-01,J,.33116025
2011-09-01,K,.48608375
2011-09-01,L,.3538729
2011-09-01,M,.43769109
2011-09-01,N,.33272198
2011-09-01,O,.29314864
2011-09-01,P,.7380994
2011-09-01,Q,.7308259
2011-09-01,R,.40329143
2011-09-01,S,.48124686
2011-09-01,U,.54327273
2011-09-01,Z,.264
2011-10-01,A,.11704347
2011-10-01,B,.088342041
2011-10-01,C,.18212888
2011-10-01,D,.16306907
2011-10-01,E,.10386728
2011-10-01,F,.048017412
2011-10-01,G,.35254282
2011-10-01,H,.090178058
2011-10-01,I,.43831658
2011-10-01,J,.33062771
2011-10-01,K,.4859547
2011-10-01,L,.35503367
2011-10-01,M,.43833262
2011-10-01,N,.33213791
2011-10-01,O,.29235098
2011-10-01,P,.73797363
2011-10-01,Q,.73119503
2011-10-01,R,.40305921
2011-10-01,S,.48180962
2011-10-01,U,.54412836
2011-10-01,Z,.25806451
2011-11-01,A,.12035207
2011-11-01,B,.089281701
2011-11-01,C,.18259229
2011-11-01,D,.16221945
2011-11-01,E,.10404059
2011-11-01,F,.048154861
2011-11-01,G,.35309038
2011-11-01,H,.090658493
2011-11-01,I,.43998235
2011-11-01,J,.33132991
2011-11-01,K,.48639897
2011-11-01,L,.35538551
2011-11-01,M,.43818751
2011-11-01,N,.3332119
2011-11-01,O,.29149181
2011-11-01,P,.73809254
2011-11-01,Q,.73125023
2011-11-01,R,.4033249
2011-11-01,S,.48255149
2011-11-01,U,.54852623
2011-11-01,Z,.2644628
2011-12-01,A,.11826496
2011-12-01,B,.088919722
2011-12-01,C,.18366793
2011-12-01,D,.16303219
2011-12-01,E,.10448946
2011-12-01,F,.050388791
2011-12-01,G,.35729229
2011-12-01,H,.090626277
2011-12-01,I,.44273242
2011-12-01,J,.33120215
2011-12-01,K,.48717746
2011-12-01,L,.35904118
2011-12-01,M,.44198874
2011-12-01,N,.32973394
2011-12-01,O,.29240724
2011-12-01,P,.73673671
2011-12-01,Q,.73129326
2011-12-01,R,.40541488
2011-12-01,S,.48293462
2011-12-01,U,.55014324
2011-12-01,Z,.26363635
2012-01-01,A,.12025715
2012-01-01,B,.090162881
2012-01-01,C,.18357643
2012-01-01,D,.16268452
2012-01-01,E,.10584188
2012-01-01,F,.051659759
2012-01-01,G,.35828844
2012-01-01,H,.090863317
2012-01-01,I,.44838801
2012-01-01,J,.33060703
2012-01-01,K,.48792642
2012-01-01,L,.36046457
2012-01-01,M,.44037727
2012-01-01,N,.32794997
2012-01-01,O,.29182991
2012-01-01,P,.73811775
2012-01-01,Q,.73088622
2012-01-01,R,.40845454
2012-01-01,S,.47902727
2012-01-01,U,.54982078
2012-01-01,Z,.2682927
2012-02-01,A,.12321145
2012-02-01,B,.089636803
2012-02-01,C,.18328278
2012-02-01,D,.16262935
2012-02-01,E,.10607612
2012-02-01,F,.051952723
2012-02-01,G,.35671419
2012-02-01,H,.091068365
2012-02-01,I,.44841275
2012-02-01,J,.33133554
2012-02-01,K,.48783308
2012-02-01,L,.36067504
2012-02-01,M,.44068757
2012-02-01,N,.33123899
2012-02-01,O,.29165468
2012-02-01,P,.74050909
2012-02-01,Q,.73096937
2012-02-01,R,.40624696
2012-02-01,S,.47833934
2012-02-01,U,.54817986
2012-02-01,Z,.25
2012-03-01,A,.12120058
2012-03-01,B,.089723125
2012-03-01,C,.18277608
2012-03-01,D,.16245675
2012-03-01,E,.10511357
2012-03-01,F,.051262017
2012-03-01,G,.35388926
2012-03-01,H,.090209179
2012-03-01,I,.44349903
2012-03-01,J,.33038545
2012-03-01,K,.48775914
2012-03-01,L,.35721526
2012-03-01,M,.44104093
2012-03-01,N,.33328444
2012-03-01,O,.31226131
2012-03-01,P,.73753285
2012-03-01,Q,.73103797
2012-03-01,R,.40307453
2012-03-01,S,.48023835
2012-03-01,U,.54395998
2012-03-01,Z,.2238806
2012-04-01,A,.11352786
2012-04-01,B,.089637674
2012-04-01,C,.18245146
2012-04-01,D,.16221942
2012-04-01,E,.10557012
2012-04-01,F,.051352747
2012-04-01,G,.35292128
2012-04-01,H,.089651942
2012-04-01,I,.44227728
2012-04-01,J,.33036822
2012-04-01,K,.48734972
2012-04-01,L,.35653332
2012-04-01,M,.44249046
2012-04-01,N,.3339287
2012-04-01,O,.31327575
2012-04-01,P,.73921317
2012-04-01,Q,.7305786
2012-04-01,R,.40349305
2012-04-01,S,.48236829
2012-04-01,U,.5433526
2012-04-01,Z,.24193548
2012-05-01,A,.10814641
2012-05-01,B,.089343555
2012-05-01,C,.18193094
2012-05-01,D,.16207869
2012-05-01,E,.10694089
2012-05-01,F,.051530644
2012-05-01,G,.35299948
2012-05-01,H,.089586347
2012-05-01,I,.44055915
2012-05-01,J,.33053592
2012-05-01,K,.48680168
2012-05-01,L,.35676071
2012-05-01,M,.4417465
2012-05-01,N,.33610407
2012-05-01,O,.27679643
2012-05-01,P,.73851877
2012-05-01,Q,.73019153
2012-05-01,R,.40340668
2012-05-01,S,.48430493
2012-05-01,U,.54100722
2012-05-01,Z,.25396827
2012-06-01,A,.10627911
2012-06-01,B,.089416377
2012-06-01,C,.18193586
2012-06-01,D,.16309118
2012-06-01,E,.10784023
2012-06-01,F,.051798753
2012-06-01,G,.35332102
2012-06-01,H,.089423865
2012-06-01,I,.43980917
2012-06-01,J,.33001053
2012-06-01,K,.48749262
2012-06-01,L,.35717595
2012-06-01,M,.45091382
2012-06-01,N,.33776149
2012-06-01,O,.27815408
2012-06-01,P,.73773235
2012-06-01,Q,.73015326
2012-06-01,R,.40510133
2012-06-01,S,.48616871
2012-06-01,U,.54092526
2012-06-01,Z,.25757575
2012-07-01,A,.10514066
2012-07-01,B,.089436218
2012-07-01,C,.18209589
2012-07-01,D,.16311181
2012-07-01,E,.10776673
2012-07-01,F,.051871277
2012-07-01,G,.35388252
2012-07-01,H,.089843363
2012-07-01,I,.441643
2012-07-01,J,.33086467
2012-07-01,K,.48748642
2012-07-01,L,.35727325
2012-07-01,M,.45077455
2012-07-01,N,.33907378
2012-07-01,O,.27878672
2012-07-01,P,.7383613
2012-07-01,Q,.72999585
2012-07-01,R,.409067
2012-07-01,S,.48488685
2012-07-01,U,.54304159
2012-07-01,Z,.265625
2012-08-01,A,.10675874
2012-08-01,B,.089487225
2012-08-01,C,.18228939
2012-08-01,D,.16279511
2012-08-01,E,.10767101
2012-08-01,F,.0518963
2012-08-01,G,.35431311
2012-08-01,H,.090084128
2012-08-01,I,.44092011
2012-08-01,J,.3297168
2012-08-01,K,.48740125
2012-08-01,L,.35861355
2012-08-01,M,.45184547
2012-08-01,N,.33879516
2012-08-01,O,.27802831
2012-08-01,P,.73764992
2012-08-01,Q,.72951847
2012-08-01,R,.40370002
2012-08-01,S,.4856689
2012-08-01,U,.53975201
2012-08-01,Z,.25757575
2012-09-01,A,.10934422
2012-09-01,B,.089848042
2012-09-01,C,.18260412
2012-09-01,D,.16327803
2012-09-01,E,.10831519
2012-09-01,F,.052303411
2012-09-01,G,.35349646
2012-09-01,H,.090613365
2012-09-01,I,.44175518
2012-09-01,J,.32946619
2012-09-01,K,.48777413
2012-09-01,L,.35836107
2012-09-01,M,.45142832
2012-09-01,N,.33867735
2012-09-01,O,.27843374
2012-09-01,P,.73771608
2012-09-01,Q,.72954589
2012-09-01,R,.40293822
2012-09-01,S,.48575804
2012-09-01,U,.54181558
2012-09-01,Z,.25
2012-10-01,A,.11867426
2012-10-01,B,.089681499
2012-10-01,C,.18281399
2012-10-01,D,.16339043
2012-10-01,E,.10809408
2012-10-01,F,.05188901
2012-10-01,G,.35410276
2012-10-01,H,.090623267
2012-10-01,I,.4420194
2012-10-01,J,.32899618
2012-10-01,K,.4879176
2012-10-01,L,.35818821
2012-10-01,M,.44885138
2012-10-01,N,.33888432
2012-10-01,O,.2795794
2012-10-01,P,.73705482
2012-10-01,Q,.72979277
2012-10-01,R,.40107092
2012-10-01,S,.48495281
2012-10-01,U,.54163647
2012-10-01,Z,.26785713
2012-11-01,A,.12145697
2012-11-01,B,.089846686
2012-11-01,C,.18280412
2012-11-01,D,.16423509
2012-11-01,E,.10806797
2012-11-01,F,.052034561
2012-11-01,G,.35344163
2012-11-01,H,.091092825
2012-11-01,I,.44329652
2012-11-01,J,.32879692
2012-11-01,K,.48833346
2012-11-01,L,.35930672
2012-11-01,M,.44905415
2012-11-01,N,.3385587
2012-11-01,O,.27890515
2012-11-01,P,.73680651
2012-11-01,Q,.72970736
2012-11-01,R,.40063658
2012-11-01,S,.48508406
2012-11-01,U,.54314721
2012-11-01,Z,.3114754
2012-12-01,A,.12143584
2012-12-01,B,.090208612
2012-12-01,C,.18307453
2012-12-01,D,.16412655
2012-12-01,E,.1077059
2012-12-01,F,.052878637
2012-12-01,G,.35567009
2012-12-01,H,.091016456
2012-12-01,I,.44797635
2012-12-01,J,.32868928
2012-12-01,K,.48884493
2012-12-01,L,.36098105
2012-12-01,M,.44955432
2012-12-01,N,.33685714
2012-12-01,O,.26388407
2012-12-01,P,.73642308
2012-12-01,Q,.72902334
2012-12-01,R,.40370941
2012-12-01,S,.48403209
2012-12-01,U,.54570335
2012-12-01,Z,.29724711
2013-01-01,A,.12141471
2013-01-01,B,.090570539
2013-01-01,C,.18334496
2013-01-01,D,.16401799
2013-01-01,E,.10734382
2013-01-01,F,.053722713
2013-01-01,G,.35789853
2013-01-01,H,.090940095
2013-01-01,I,.45265618
2013-01-01,J,.32858163
2013-01-01,K,.48935643
2013-01-01,L,.3626554
2013-01-01,M,.4500545
2013-01-01,N,.33515555
2013-01-01,O,.248863
2013-01-01,P,.73603964
2013-01-01,Q,.72833937
2013-01-01,R,.40678221
2013-01-01,S,.48298013
2013-01-01,U,.5482595
2013-01-01,Z,.28301886
2013-02-01,A,.1245151
2013-02-01,B,.090898857
2013-02-01,C,.18329228
2013-02-01,D,.16464886
2013-02-01,E,.10799158
2013-02-01,F,.053886488
2013-02-01,G,.35599318
2013-02-01,H,.091115303
2013-02-01,I,.45274267
2013-02-01,J,.32927245
2013-02-01,K,.48984402
2013-02-01,L,.36210081
2013-02-01,M,.45117846
2013-02-01,N,.33623934
2013-02-01,O,.25006184
2013-02-01,P,.7395587
2013-02-01,Q,.72861141
2013-02-01,R,.40416113
2013-02-01,S,.48231715
2013-02-01,U,.55035973
2013-02-01,Z,.30000001
2013-03-01,A,.12440207
2013-03-01,B,.090221353
2013-03-01,C,.18298398
2013-03-01,D,.16448858
2013-03-01,E,.10891908
2013-03-01,F,.052784335
2013-03-01,G,.35365075
2013-03-01,H,.090961054
2013-03-01,I,.44731945
2013-03-01,J,.32902271
2013-03-01,K,.48943251
2013-03-01,L,.35985026
2013-03-01,M,.45049459
2013-03-01,N,.33504084
2013-03-01,O,.25005281
2013-03-01,P,.73761404
2013-03-01,Q,.72882128
2013-03-01,R,.40080103
2013-03-01,S,.48240036
2013-03-01,U,.55247813
2013-03-01,Z,.33333334
2013-04-01,A,.12067709
2013-04-01,B,.089926288
2013-04-01,C,.18235844
2013-04-01,D,.16419977
2013-04-01,E,.10937144
2013-04-01,F,.0514246
2013-04-01,G,.35232976
2013-04-01,H,.090509005
2013-04-01,I,.44477084
2013-04-01,J,.3281998
2013-04-01,K,.4892163
2013-04-01,L,.35831308
2013-04-01,M,.45046154
2013-04-01,N,.33578649
2013-04-01,O,.25098482
2013-04-01,P,.73882681
2013-04-01,Q,.72884244
2013-04-01,R,.39967775
2013-04-01,S,.48420244
2013-04-01,U,.54949051
2013-04-01,Z,.40000001
2013-05-01,A,.11287085
2013-05-01,B,.089728229
2013-05-01,C,.18193707
2013-05-01,D,.16347283
2013-05-01,E,.10841175
2013-05-01,F,.050833318
2013-05-01,G,.35222062
2013-05-01,H,.090248019
2013-05-01,I,.44247949
2013-05-01,J,.32713255
2013-05-01,K,.48860356
2013-05-01,L,.35840091
2013-05-01,M,.45090255
2013-05-01,N,.33733329
2013-05-01,O,.25111589
2013-05-01,P,.73766214
2013-05-01,Q,.7290737
2013-05-01,R,.4006336
2013-05-01,S,.48554865
2013-05-01,U,.55707109
2013-05-01,Z,.3611111
2013-06-01,A,.1086726
2013-06-01,B,.090500593
2013-06-01,C,.18176298
2013-06-01,D,.16411382
2013-06-01,E,.11005744
2013-06-01,F,.051778179
2013-06-01,G,.35286418
2013-06-01,H,.090606526
2013-06-01,I,.44332877
2013-06-01,J,.32794052
2013-06-01,K,.48907548
2013-06-01,L,.35987458
2013-06-01,M,.45020458
2013-06-01,N,.33962899
2013-06-01,O,.25196272
2013-06-01,P,.73728991
2013-06-01,Q,.72876948
2013-06-01,R,.40156242
2013-06-01,S,.48694056
2013-06-01,U,.56028366
2013-06-01,Z,.3611111
2013-07-01,A,.10833132
2013-07-01,B,.089735709
2013-07-01,C,.18202253
2013-07-01,D,.16300678
2013-07-01,E,.11066029
2013-07-01,F,.051565599
2013-07-01,G,.353266
2013-07-01,H,.09123756
2013-07-01,I,.44486564
2013-07-01,J,.32882777
2013-07-01,K,.48906788
2013-07-01,L,.3605004
2013-07-01,M,.44982725
2013-07-01,N,.33964002
2013-07-01,O,.23579979
2013-07-01,P,.73750806
2013-07-01,Q,.72869122
2013-07-01,R,.40601632
2013-07-01,S,.48501918
2013-07-01,U,.55792469
2013-07-01,Z,.39393941
2013-08-01,A,.10806445
2013-08-01,B,.090418592
2013-08-01,C,.18220724
2013-08-01,D,.16313364
2013-08-01,E,.11168437
2013-08-01,F,.051223833
2013-08-01,G,.35381636
2013-08-01,H,.092133224
2013-08-01,I,.44441706
2013-08-01,J,.32805863
2013-08-01,K,.48911691
2013-08-01,L,.36111146
2013-08-01,M,.44967303
2013-08-01,N,.34350118
2013-08-01,O,.2362739
2013-08-01,P,.73705268
2013-08-01,Q,.72867477
2013-08-01,R,.40130675
2013-08-01,S,.48568511
2013-08-01,U,.56113076
2013-08-01,Z,.41176471
2013-09-01,A,.10951676
2013-09-01,B,.09025836
2013-09-01,C,.1824083
2013-09-01,D,.16360688
2013-09-01,E,.11118861
2013-09-01,F,.05130174
2013-09-01,G,.35300493
2013-09-01,H,.091584682
2013-09-01,I,.44457063
2013-09-01,J,.32662392
2013-09-01,K,.48953268
2013-09-01,L,.36230722
2013-09-01,M,.44923016
2013-09-01,N,.33886218
2013-09-01,O,.23655358
2013-09-01,P,.7367695
2013-09-01,Q,.72884798
2013-09-01,R,.39900506
2013-09-01,S,.48553866
2013-09-01,U,.5606488
2013-09-01,Z,.3548387
2013-10-01,A,.11783289
2013-10-01,B,.089927144
2013-10-01,C,.18275367
2013-10-01,D,.16292867
2013-10-01,E,.11075317
2013-10-01,F,.050576985
2013-10-01,G,.3535904
2013-10-01,H,.093204618
2013-10-01,I,.44560128
2013-10-01,J,.32629547
2013-10-01,K,.48967946
2013-10-01,L,.36213472
2013-10-01,M,.4483709
2013-10-01,N,.34100342
2013-10-01,O,.2367253
2013-10-01,P,.73687142
2013-10-01,Q,.72883838
2013-10-01,R,.39842498
2013-10-01,S,.48506603
2013-10-01,U,.56005687
2013-10-01,Z,.45161289
2013-11-01,A,.1206085
2013-11-01,B,.090306774
2013-11-01,C,.18274847
2013-11-01,D,.1630751
2013-11-01,E,.1101791
2013-11-01,F,.051470671
2013-11-01,G,.35350332
2013-11-01,H,.092816256
2013-11-01,I,.44622344
2013-11-01,J,.32626167
2013-11-01,K,.49015856
2013-11-01,L,.36382285
2013-11-01,M,.45050523
2013-11-01,N,.34606346
2013-11-01,O,.23767322
2013-11-01,P,.7365827
2013-11-01,Q,.72886413
2013-11-01,R,.39813706
2013-11-01,S,.48547456
2013-11-01,U,.56142855
2013-11-01,Z,.41935483
2013-12-01,A,.1198296
2013-12-01,B,.089876734
2013-12-01,C,.18292022
2013-12-01,D,.1631434
2013-12-01,E,.11089545
2013-12-01,F,.053916097
2013-12-01,G,.35634214
2013-12-01,H,.092475817
2013-12-01,I,.4490487
2013-12-01,J,.326655
2013-12-01,K,.49062786
2013-12-01,L,.36669138
2013-12-01,M,.4526507
2013-12-01,N,.34043568
2013-12-01,O,.23775458
2013-12-01,P,.73533458
2013-12-01,Q,.72877711
2013-12-01,R,.40133476
2013-12-01,S,.48488539
2013-12-01,U,.5604552
2013-12-01,Z,.40625
2014-01-01,A,.12526312
2014-01-01,B,.090450265
2014-01-01,C,.18313611
2014-01-01,D,.16334507
2014-01-01,E,.11054382
2014-01-01,F,.054207455
2014-01-01,G,.35758939
2014-01-01,H,.092029959
2014-01-01,I,.45505017
2014-01-01,J,.32547638
2014-01-01,K,.49142757
2014-01-01,L,.3666558
2014-01-01,M,.45078871
2014-01-01,N,.3383975
2014-01-01,O,.23866963
2014-01-01,P,.73500347
2014-01-01,Q,.72862619
2014-01-01,R,.4072029
2014-01-01,S,.48083389
2014-01-01,U,.55705172
2014-01-01,Z,.66666669
2014-02-01,A,.1294321
2014-02-01,B,.090210065
2014-02-01,C,.18276696
2014-02-01,D,.16339223
2014-02-01,E,.11197875
2014-02-01,F,.054719154
2014-02-01,G,.35673478
2014-02-01,H,.092686884
2014-02-01,I,.45388639
2014-02-01,J,.32635427
2014-02-01,K,.49200132
2014-02-01,L,.36823928
2014-02-01,M,.45229813
2014-02-01,N,.3386502
2014-02-01,O,.2373213
2014-02-01,P,.73713726
2014-02-01,Q,.72844332
2014-02-01,R,.40174431
2014-02-01,S,.48239076
2014-02-01,U,.55965906
2014-02-01,Z,.5
2014-03-01,A,.1294723
2014-03-01,B,.089658231
2014-03-01,C,.1823025
2014-03-01,D,.16371752
2014-03-01,E,.11199319
2014-03-01,F,.054398909
2014-03-01,G,.35451895
2014-03-01,H,.092595667
2014-03-01,I,.44984552
2014-03-01,J,.32568312
2014-03-01,K,.49200848
2014-03-01,L,.36376959
2014-03-01,M,.45188257
2014-03-01,N,.33865693
2014-03-01,O,.23709784
2014-03-01,P,.73648965
2014-03-01,Q,.72863579
2014-03-01,R,.39705527
2014-03-01,S,.48376393
2014-03-01,U,.55985665
2014-03-01,Z,0
2014-04-01,A,.12239645
2014-04-01,B,.089438885
2014-04-01,C,.18216871
2014-04-01,D,.16239287
2014-04-01,E,.11274035
2014-04-01,F,.053702459
2014-04-01,G,.35288092
2014-04-01,H,.09194921
2014-04-01,I,.44734135
2014-04-01,J,.3258346
2014-04-01,K,.49169311
2014-04-01,L,.36237085
2014-04-01,M,.45189801
2014-04-01,N,.33829182
2014-04-01,O,.23791903
2014-04-01,P,.7379716
2014-04-01,Q,.72826177
2014-04-01,R,.39733425
2014-04-01,S,.48606193
2014-04-01,U,.56164384
2014-04-01,Z,0
2014-05-01,A,.11422075
2014-05-01,B,.089682855
2014-05-01,C,.18197598
2014-05-01,D,.1627636
2014-05-01,E,.1126119
2014-05-01,F,.052906074
2014-05-01,G,.3524918
2014-05-01,H,.092075512
2014-05-01,I,.44624734
2014-05-01,J,.32567102
2014-05-01,K,.49187756
2014-05-01,L,.3620322
2014-05-01,M,.45166731
2014-05-01,N,.34024936
2014-05-01,O,.23799875
2014-05-01,P,.73772359
2014-05-01,Q,.72784644
2014-05-01,R,.39628395
2014-05-01,S,.48716035
2014-05-01,U,.5595153
2014-05-01,Z,0
2014-06-01,A,.11128401
2014-06-01,B,.090004615
2014-06-01,C,.18201441
2014-06-01,D,.16302425
2014-06-01,E,.11410387
2014-06-01,F,.053377058
2014-06-01,G,.3527303
2014-06-01,H,.091749921
2014-06-01,I,.44561577
2014-06-01,J,.32493535
2014-06-01,K,.49290553
2014-06-01,L,.36185941
2014-06-01,M,.44927937
2014-06-01,N,.34167489
2014-06-01,O,.2382592
2014-06-01,P,.73658574
2014-06-01,Q,.72782993
2014-06-01,R,.39835674
2014-06-01,S,.48875281
2014-06-01,U,.56011522
2014-07-01,A,.11218175
2014-07-01,B,.090167165
2014-07-01,C,.18245734
2014-07-01,D,.16304798
2014-07-01,E,.11415407
2014-07-01,F,.053616684
2014-07-01,G,.35305166
2014-07-01,H,.092197992
2014-07-01,I,.44771853
2014-07-01,J,.32620001
2014-07-01,K,.49245426
2014-07-01,L,.36307454
2014-07-01,M,.44904703
2014-07-01,N,.34116891
2014-07-01,O,.23617087
2014-07-01,P,.73727983
2014-07-01,Q,.7277934
2014-07-01,R,.40099722
2014-07-01,S,.48689556
2014-07-01,U,.56102782
2014-08-01,A,.11382666
2014-08-01,B,.09051019
2014-08-01,C,.18246295
2014-08-01,D,.16350111
2014-08-01,E,.11425769
2014-08-01,F,.053737182
2014-08-01,G,.35344914
2014-08-01,H,.092286579
2014-08-01,I,.44640207
2014-08-01,J,.32661515
2014-08-01,K,.49269822
2014-08-01,L,.36297995
2014-08-01,M,.44788355
2014-08-01,N,.34292525
2014-08-01,O,.23823059
2014-08-01,P,.73693484
2014-08-01,Q,.72746187
2014-08-01,R,.39463925
2014-08-01,S,.48791841
2014-08-01,U,.55965906
2014-09-01,A,.12039123
2014-09-01,B,.090739839
2014-09-01,C,.18271299
2014-09-01,D,.16332766
2014-09-01,E,.11349221
2014-09-01,F,.053229481
2014-09-01,G,.35213786
2014-09-01,H,.092268862
2014-09-01,I,.44607148
2014-09-01,J,.32443655
2014-09-01,K,.49280664
2014-09-01,L,.36329988
2014-09-01,M,.44745833
2014-09-01,N,.34225136
2014-09-01,O,.23849322
2014-09-01,P,.73731154
2014-09-01,Q,.72711319
2014-09-01,R,.39422309
2014-09-01,S,.48839003
2014-09-01,U,.56577086
2014-10-01,A,.12788904
2014-10-01,B,.090867169
2014-10-01,C,.18316963
2014-10-01,D,.16389963
2014-10-01,E,.11150213
2014-10-01,F,.052661747
2014-10-01,G,.35277173
2014-10-01,H,.092423178
2014-10-01,I,.44715142
2014-10-01,J,.32479486
2014-10-01,K,.49336293
2014-10-01,L,.3643845
2014-10-01,M,.44934276
2014-10-01,N,.34389126
2014-10-01,O,.23653622
2014-10-01,P,.73759323
2014-10-01,Q,.72704321
2014-10-01,R,.39358354
2014-10-01,S,.48867753
2014-10-01,U,.56426555
2014-11-01,A,.12944931
2014-11-01,B,.091468677
2014-11-01,C,.18340693
2014-11-01,D,.16116275
2014-11-01,E,.11179167
2014-11-01,F,.052580513
2014-11-01,G,.35216177
2014-11-01,H,.092363894
2014-11-01,I,.44823536
2014-11-01,J,.32491782
2014-11-01,K,.49397513
2014-11-01,L,.36580366
2014-11-01,M,.44777495
2014-11-01,N,.34378007
2014-11-01,O,.23716117
2014-11-01,P,.7369982
2014-11-01,Q,.7277993
2014-11-01,R,.39305812
2014-11-01,S,.48830402
2014-11-01,U,.56373936
2014-12-01,A,.13064222
2014-12-01,B,.091510557
2014-12-01,C,.18391098
2014-12-01,D,.16094996
2014-12-01,E,.11369807
2014-12-01,F,.054886993
2014-12-01,G,.35585222
2014-12-01,H,.092510052
2014-12-01,I,.45094463
2014-12-01,J,.32525402
2014-12-01,K,.49460089
2014-12-01,L,.36688286
2014-12-01,M,.44886944
2014-12-01,N,.34368142
2014-12-01,O,.23780926
2014-12-01,P,.73573947
2014-12-01,Q,.72754514
2014-12-01,R,.39546683
2014-12-01,S,.48707831
2014-12-01,U,.56076759
2015-01-01,A,.13262655
2015-01-01,B,.091796055
2015-01-01,C,.1839719
2015-01-01,D,.16088083
2015-01-01,E,.11147628
2015-01-01,F,.054907583
2015-01-01,G,.35665253
2015-01-01,H,.092976294
2015-01-01,I,.45701897
2015-01-01,J,.32535094
2015-01-01,K,.49516022
2015-01-01,L,.36954904
2015-01-01,M,.44936946
2015-01-01,N,.34158131
2015-01-01,O,.23433888
2015-01-01,P,.73609686
2015-01-01,Q,.72667128
2015-01-01,R,.39950848
2015-01-01,S,.48353091
2015-01-01,U,.5535714
2015-02-01,A,.13597821
2015-02-01,B,.091904074
2015-02-01,C,.18413299
2015-02-01,D,.16110222
2015-02-01,E,.11380261
2015-02-01,F,.05471117
2015-02-01,G,.35579506
2015-02-01,H,.093292899
2015-02-01,I,.45696387
2015-02-01,J,.32495311
2015-02-01,K,.49529517
2015-02-01,L,.3701947
2015-02-01,M,.44953734
2015-02-01,N,.33946076
2015-02-01,O,.23434694
2015-02-01,P,.73742515
2015-02-01,Q,.72681773
2015-02-01,R,.39609781
2015-02-01,S,.48309183
2015-02-01,U,.55246252
2015-03-01,A,.13237359
2015-03-01,B,.091904029
2015-03-01,C,.18370409
2015-03-01,D,.16107242
2015-03-01,E,.11303624
2015-03-01,F,.053755488
2015-03-01,G,.35327294
2015-03-01,H,.092971623
2015-03-01,I,.45066184
2015-03-01,J,.3247532
2015-03-01,K,.49494219
2015-03-01,L,.36552319
2015-03-01,M,.44737339
2015-03-01,N,.33835423
2015-03-01,O,.23520041
2015-03-01,P,.7374481
2015-03-01,Q,.72680581
2015-03-01,R,.39142555
2015-03-01,S,.48527566
2015-03-01,U,.55081737
2015-04-01,A,.12449413
2015-04-01,B,.092202283
2015-04-01,C,.18305232
2015-04-01,D,.16080709
2015-04-01,E,.11332867
2015-04-01,F,.052773487
2015-04-01,G,.35202256
2015-04-01,H,.092894413
2015-04-01,I,.44967234
2015-04-01,J,.32529762
2015-04-01,K,.49485359
2015-04-01,L,.36527202
2015-04-01,M,.44636092
2015-04-01,N,.33771247
2015-04-01,O,.23493309
2015-04-01,P,.7383405
2015-04-01,Q,.72651958
2015-04-01,R,.39078
2015-04-01,S,.48839268
2015-04-01,U,.55246252
2015-05-01,A,.11744121
2015-05-01,B,.092553265
2015-05-01,C,.18288521
2015-05-01,D,.16030291
2015-05-01,E,.11448454
2015-05-01,F,.052576151
2015-05-01,G,.35276368
2015-05-01,H,.092741355
2015-05-01,I,.44879806
2015-05-01,J,.32470632
2015-05-01,K,.49443245
2015-05-01,L,.36491984
2015-05-01,M,.44595894
2015-05-01,N,.33835235
2015-05-01,O,.2360913
2015-05-01,P,.73807484
2015-05-01,Q,.7265619
2015-05-01,R,.39224565
2015-05-01,S,.4893502
2015-05-01,U,.55128205
2015-06-01,A,.11399858
2015-06-01,B,.092943542
2015-06-01,C,.18342087
2015-06-01,D,.16066095
2015-06-01,E,.1151298
2015-06-01,F,.052226316
2015-06-01,G,.35310629
2015-06-01,H,.092755027
2015-06-01,I,.44822603
2015-06-01,J,.32419559
2015-06-01,K,.49367169
2015-06-01,L,.3652935
2015-06-01,M,.44528332
2015-06-01,N,.33960891
2015-06-01,O,.23669749
2015-06-01,P,.73701733
2015-06-01,Q,.72651398
2015-06-01,R,.39396268
2015-06-01,S,.48981342
2015-06-01,U,.55476528
2015-07-01,A,.11368261
2015-07-01,B,.092979871
2015-07-01,C,.18345654
2015-07-01,D,.1607568
2015-07-01,E,.11559667
2015-07-01,F,.052527055
2015-07-01,G,.35351616
2015-07-01,H,.094024763
2015-07-01,I,.45048025
2015-07-01,J,.32588026
2015-07-01,K,.49405825
2015-07-01,L,.36403152
2015-07-01,M,.44517413
2015-07-01,N,.33975792
2015-07-01,O,.23704787
2015-07-01,P,.73761493
2015-07-01,Q,.72635543
2015-07-01,R,.3936359
2015-07-01,S,.48777458
2015-07-01,U,.55077577
2015-08-01,A,.1152324
2015-08-01,B,.092755683
2015-08-01,C,.18372364
2015-08-01,D,.16090058
2015-08-01,E,.1154177
2015-08-01,F,.053237721
2015-08-01,G,.3543739
2015-08-01,H,.096524507
2015-08-01,I,.44967335
2015-08-01,J,.32496926
2015-08-01,K,.49444464
2015-08-01,L,.36395061
2015-08-01,M,.44697919
2015-08-01,N,.34420931
2015-08-01,O,.2378819
2015-08-01,P,.73724574
2015-08-01,Q,.7264995
2015-08-01,R,.39327216
2015-08-01,S,.48949346
2015-08-01,U,.55177307
2015-09-01,A,.11941092
2015-09-01,B,.093195125
2015-09-01,C,.18425965
2015-09-01,D,.16125289
2015-09-01,E,.1158299
2015-09-01,F,.053105377
2015-09-01,G,.35342056
2015-09-01,H,.092742175
2015-09-01,I,.44969457
2015-09-01,J,.32365569
2015-09-01,K,.49474862
2015-09-01,L,.36508352
2015-09-01,M,.44669139
2015-09-01,N,.3426351
2015-09-01,O,.23702613
2015-09-01,P,.73761928
2015-09-01,Q,.72625196
2015-09-01,R,.39103061
2015-09-01,S,.49024829
2015-09-01,U,.54950494
2015-10-01,A,.12401178
2015-10-01,B,.093097866
2015-10-01,C,.18511266
2015-10-01,D,.16151187
2015-10-01,E,.11467462
2015-10-01,F,.053978126
2015-10-01,G,.35423562
2015-10-01,H,.097189255
2015-10-01,I,.45009473
2015-10-01,J,.32332224
2015-10-01,K,.49502909
2015-10-01,L,.36567786
2015-10-01,M,.44735274
2015-10-01,N,.34812385
2015-10-01,O,.23735522
2015-10-01,P,.73727399
2015-10-01,Q,.7261591
2015-10-01,R,.39153671
2015-10-01,S,.48982078
2015-10-01,U,.55160141
2015-11-01,A,.12720074
2015-11-01,B,.093180917
2015-11-01,C,.18566762
2015-11-01,D,.16188662
2015-11-01,E,.11515839
2015-11-01,F,.055156082
2015-11-01,G,.3540706
2015-11-01,H,.098026738
2015-11-01,I,.45084548
2015-11-01,J,.3226347
2015-11-01,K,.49513009
2015-11-01,L,.36782342
2015-11-01,M,.4484773
2015-11-01,N,.35072485
2015-11-01,O,.23724997
2015-11-01,P,.73717856
2015-11-01,Q,.72615653
2015-11-01,R,.38922468
2015-11-01,S,.48958156
2015-11-01,U,.54982334
2015-12-01,A,.12868309
2015-12-01,B,.093236521
2015-12-01,C,.18635324
2015-12-01,D,.16209519
2015-12-01,E,.11632423
2015-12-01,F,.058678385
2015-12-01,G,.35696241
2015-12-01,H,.094165221
2015-12-01,I,.4529804
2015-12-01,J,.32208294
2015-12-01,K,.49589133
2015-12-01,L,.37081856
2015-12-01,M,.44992912
2015-12-01,N,.34908524
2015-12-01,O,.23702344
2015-12-01,P,.73598385
2015-12-01,Q,.72622132
2015-12-01,R,.39470911
2015-12-01,S,.48912591
2015-12-01,U,.55010509
2016-01-01,A,.13233694
2016-01-01,B,.093606658
2016-01-01,C,.18631287
2016-01-01,D,.16203855
2016-01-01,E,.11547133
2016-01-01,F,.059952833
2016-01-01,G,.35773596
2016-01-01,H,.094623804
2016-01-01,I,.45790634
2016-01-01,J,.32181394
2016-01-01,K,.4962621
2016-01-01,L,.37692466
2016-01-01,M,.45329177
2016-01-01,N,.34749484
2016-01-01,O,.21307221
2016-01-01,P,.73583853
2016-01-01,Q,.72595382
2016-01-01,R,.39731979
2016-01-01,S,.48595983
2016-01-01,U,.54933518
2016-02-01,A,.13219734
2016-02-01,B,.093823716
2016-02-01,C,.18608728
2016-02-01,D,.16176653
2016-02-01,E,.1163511
2016-02-01,F,.059974577
2016-02-01,G,.35667139
2016-02-01,H,.095098637
2016-02-01,I,.45761871
2016-02-01,J,.32247221
2016-02-01,K,.49815118
2016-02-01,L,.38206565
2016-02-01,M,.45377809
2016-02-01,N,.34821904
2016-02-01,O,.21320844
2016-02-01,P,.73878938
2016-02-01,Q,.72597337
2016-02-01,R,.39116621
2016-02-01,S,.48592094
2016-02-01,U,.55034965
2016-03-01,A,.12898906
2016-03-01,B,.093607135
2016-03-01,C,.18597476
2016-03-01,D,.16184998
2016-03-01,E,.11565508
2016-03-01,F,.059696425
2016-03-01,G,.35478857
2016-03-01,H,.094126955
2016-03-01,I,.45244008
2016-03-01,J,.3225596
2016-03-01,K,.4974018
2016-03-01,L,.37851655
2016-03-01,M,.45194247
2016-03-01,N,.34662059
2016-03-01,O,.21380283
2016-03-01,P,.73687726
2016-03-01,Q,.72572064
2016-03-01,R,.38588813
2016-03-01,S,.48820701
2016-03-01,U,.54958099
2016-04-01,A,.120703
2016-04-01,B,.093407899
2016-04-01,C,.18555866
2016-04-01,D,.161924
2016-04-01,E,.11568671
2016-04-01,F,.059859212
2016-04-01,G,.35375187
2016-04-01,H,.094579346
2016-04-01,I,.44866222
2016-04-01,J,.32215708
2016-04-01,K,.49659577
2016-04-01,L,.37879968
2016-04-01,M,.4516691
2016-04-01,N,.34846389
2016-04-01,O,.21419348
2016-04-01,P,.73776603
2016-04-01,Q,.72562927
2016-04-01,R,.38866118
2016-04-01,S,.49078572
2016-04-01,U,.54827344
2016-05-01,A,.11461776
2016-05-01,B,.093149491
2016-05-01,C,.18518014
2016-05-01,D,.16206141
2016-05-01,E,.11682338
2016-05-01,F,.059429333
2016-05-01,G,.35338315
2016-05-01,H,.094555348
2016-05-01,I,.44634238
2016-05-01,J,.32143071
2016-05-01,K,.49703845
2016-05-01,L,.37857443
2016-05-01,M,.45409742
2016-05-01,N,.35051343
2016-05-01,O,.21518691
2016-05-01,P,.73806518
2016-05-01,Q,.72511369
2016-05-01,R,.38812357
2016-05-01,S,.49175739
2016-05-01,U,.54763585
2016-06-01,A,.11211304
2016-06-01,B,.093120299
2016-06-01,C,.1851491
2016-06-01,D,.16199246
2016-06-01,E,.11589257
2016-06-01,F,.059146725
2016-06-01,G,.35369003
2016-06-01,H,.095267735
2016-06-01,I,.44621444
2016-06-01,J,.32087037
2016-06-01,K,.49781495
2016-06-01,L,.37924063
2016-06-01,M,.45631152
2016-06-01,N,.35270634
2016-06-01,O,.21525438
2016-06-01,P,.73687613
2016-06-01,Q,.72473836
2016-06-01,R,.39232618
2016-06-01,S,.49299857
2016-06-01,U,.54456139
2016-07-01,A,.11237425
2016-07-01,B,.093139902
2016-07-01,C,.18546927
2016-07-01,D,.16271338
2016-07-01,E,.11680336
2016-07-01,F,.059336834
2016-07-01,G,.35414287
2016-07-01,H,.094784722
2016-07-01,I,.44735634
2016-07-01,J,.32188421
2016-07-01,K,.49826762
2016-07-01,L,.38037804
2016-07-01,M,.45597094
2016-07-01,N,.35399267
2016-07-01,O,.21565986
2016-07-01,P,.73683411
2016-07-01,Q,.72430897
2016-07-01,R,.39329812
2016-07-01,S,.49080884
2016-07-01,U,.54545456
2016-08-01,A,.11425728
2016-08-01,B,.093254738
2016-08-01,C,.18554108
2016-08-01,D,.16289124
2016-08-01,E,.11646263
2016-08-01,F,.058835056
2016-08-01,G,.35483322
2016-08-01,H,.094781376
2016-08-01,I,.44525132
2016-08-01,J,.32111084
2016-08-01,K,.49837485
2016-08-01,L,.38299236
2016-08-01,M,.45417863
2016-08-01,N,.35195276
2016-08-01,O,.22044836
2016-08-01,P,.73657894
2016-08-01,Q,.72404611
2016-08-01,R,.39094597
2016-08-01,S,.49157476
2016-08-01,U,.54596102
2016-09-01,A,.12038902
2016-09-01,B,.093504995
2016-09-01,C,.1855787
2016-09-01,D,.16292803
2016-09-01,E,.11542276
2016-09-01,F,.057938278
2016-09-01,G,.35408583
2016-09-01,H,.095073842
2016-09-01,I,.44565246
2016-09-01,J,.32108259
2016-09-01,K,.49958852
2016-09-01,L,.38425335
2016-09-01,M,.45477995
2016-09-01,N,.35193282
2016-09-01,O,.22155252
2016-09-01,P,.73685384
2016-09-01,Q,.72406864
2016-09-01,R,.38820496
2016-09-01,S,.49272212
2016-09-01,U,.5471698
2016-10-01,A,.12768151
2016-10-01,B,.093130551
2016-10-01,C,.18560842
2016-10-01,D,.1626693
2016-10-01,E,.11517183
2016-10-01,F,.057650745
2016-10-01,G,.35467675
2016-10-01,H,.09505263
2016-10-01,I,.44729298
2016-10-01,J,.32062176
2016-10-01,K,.50084889
2016-10-01,L,.38415238
2016-10-01,M,.45624483
2016-10-01,N,.35298863
2016-10-01,O,.2225555
2016-10-01,P,.7366792
2016-10-01,Q,.72367269
2016-10-01,R,.38563025
2016-10-01,S,.49231255
2016-10-01,U,.54747057
2016-11-01,A,.12875651
2016-11-01,B,.093039572
2016-11-01,C,.18539211
2016-11-01,D,.1622801
2016-11-01,E,.11509912
2016-11-01,F,.057306956
2016-11-01,G,.35436279
2016-11-01,H,.095369861
2016-11-01,I,.44829631
2016-11-01,J,.31983849
2016-11-01,K,.50164551
2016-11-01,L,.3847698
2016-11-01,M,.45497432
2016-11-01,N,.35296628
2016-11-01,O,.22299877
2016-11-01,P,.73620558
2016-11-01,Q,.7233001
2016-11-01,R,.38280255
2016-11-01,S,.49259183
2016-11-01,U,.54816353
2016-12-01,A,.12858033
2016-12-01,B,.093215503
2016-12-01,C,.18593004
2016-12-01,D,.16188118
2016-12-01,E,.11662634
2016-12-01,F,.05868879
2016-12-01,G,.35727876
2016-12-01,H,.095665924
2016-12-01,I,.45005792
2016-12-01,J,.31918696
2016-12-01,K,.50194454
2016-12-01,L,.3873952
2016-12-01,M,.45697662
2016-12-01,N,.3521148
2016-12-01,O,.22357814
2016-12-01,P,.73511529
2016-12-01,Q,.72293025
2016-12-01,R,.38943064
2016-12-01,S,.49126959
2016-12-01,U,.5496183
2017-01-01,A,.13085493
2017-01-01,B,.093471676
2017-01-01,C,.1857128
2017-01-01,D,.16308691
2017-01-01,E,.11642766
2017-01-01,F,.058728661
2017-01-01,G,.35789329
2017-01-01,H,.095584646
2017-01-01,I,.45578027
2017-01-01,J,.31837353
2017-01-01,K,.50280058
2017-01-01,L,.3895584
2017-01-01,M,.45587236
2017-01-01,N,.35050583
2017-01-01,O,.2270401
2017-01-01,P,.73511547
2017-01-01,Q,.72278267
2017-01-01,R,.39532402
2017-01-01,S,.48702592
2017-01-01,U,.54596102
2017-02-01,A,.13323049
2017-02-01,B,.09400136
2017-02-01,C,.18536541
2017-02-01,D,.16284582
2017-02-01,E,.11644807
2017-02-01,F,.058323875
2017-02-01,G,.356646
2017-02-01,H,.095297657
2017-02-01,I,.45590696
2017-02-01,J,.31867662
2017-02-01,K,.50339019
2017-02-01,L,.388244
2017-02-01,M,.45520562
2017-02-01,N,.35086161
2017-02-01,O,.22757901
2017-02-01,P,.73636657
2017-02-01,Q,.72177309
2017-02-01,R,.39122167
2017-02-01,S,.48734903
2017-02-01,U,.54760247
2017-03-01,A,.13073424
2017-03-01,B,.094252244
2017-03-01,C,.1846707
2017-03-01,D,.16263787
2017-03-01,E,.11682746
2017-03-01,F,.056691568
2017-03-01,G,.35426366
2017-03-01,H,.095090151
2017-03-01,I,.45018369
2017-03-01,J,.31748345
2017-03-01,K,.50250632
2017-03-01,L,.38528255
2017-03-01,M,.45526505
2017-03-01,N,.34760463
2017-03-01,O,.22660431
2017-03-01,P,.73606694
2017-03-01,Q,.72207707
2017-03-01,R,.38283744
2017-03-01,S,.48993978
2017-03-01,U,.54899234
2017-04-01,A,.11830708
2017-04-01,B,.094487198
2017-04-01,C,.18387708
2017-04-01,D,.16304697
2017-04-01,E,.1160249
2017-04-01,F,.056750063
2017-04-01,G,.35300812
2017-04-01,H,.094837241
2017-04-01,I,.44868669
2017-04-01,J,.3171775
2017-04-01,K,.50310385
2017-04-01,L,.38629431
2017-04-01,M,.45539209
2017-04-01,N,.34893015
2017-04-01,O,.22686803
2017-04-01,P,.7360239
2017-04-01,Q,.72217047
2017-04-01,R,.38365176
2017-04-01,S,.49240762
2017-04-01,U,.54551774
2017-05-01,A,.11182581
2017-05-01,B,.094201982
2017-05-01,C,.18314455
2017-05-01,D,.16347903
2017-05-01,E,.11596478
2017-05-01,F,.055810571
2017-05-01,G,.3528544
2017-05-01,H,.09510114
2017-05-01,I,.44758379
2017-05-01,J,.31730977
2017-05-01,K,.50244731
2017-05-01,L,.38644844
2017-05-01,M,.45218417
2017-05-01,N,.34924775
2017-05-01,O,.22878508
2017-05-01,P,.73631203
2017-05-01,Q,.72177154
2017-05-01,R,.38493219
2017-05-01,S,.49366245
2017-05-01,U,.54507631
2017-06-01,A,.11070933
2017-06-01,B,.094814368
2017-06-01,C,.18325703
2017-06-01,D,.16340448
2017-06-01,E,.11654054
2017-06-01,F,.055566806
2017-06-01,G,.35270488
2017-06-01,H,.095364831
2017-06-01,I,.44797254
2017-06-01,J,.31680715
2017-06-01,K,.50245249
2017-06-01,L,.38610956
2017-06-01,M,.4529064
2017-06-01,N,.35141674
2017-06-01,O,.22906555
2017-06-01,P,.73594618
2017-06-01,Q,.72144616
2017-06-01,R,.38615185
2017-06-01,S,.4950594
2017-06-01,U,.54482758
2017-07-01,A,.11175834
2017-07-01,B,.095142864
2017-07-01,C,.18338101
2017-07-01,D,.16325319
2017-07-01,E,.11733984
2017-07-01,F,.055713903
2017-07-01,G,.35303441
2017-07-01,H,.096012838
2017-07-01,I,.44972903
2017-07-01,J,.31818637
2017-07-01,K,.50216544
2017-07-01,L,.38711923
2017-07-01,M,.452656
2017-07-01,N,.35291466
2017-07-01,O,.22917111
2017-07-01,P,.73617274
2017-07-01,Q,.72214609
2017-07-01,R,.39183077
2017-07-01,S,.49323499
2017-07-01,U,.5530504
2017-08-01,A,.11337221
2017-08-01,B,.095536061
2017-08-01,C,.18311206
2017-08-01,D,.1635938
2017-08-01,E,.11796831
2017-08-01,F,.054927904
2017-08-01,G,.35315749
2017-08-01,H,.11542743
2017-08-01,I,.44937932
2017-08-01,J,.31724399
2017-08-01,K,.50263268
2017-08-01,L,.38831413
2017-08-01,M,.45243233
2017-08-01,N,.35396847
2017-08-01,O,.22945839
2017-08-01,P,.7356379
2017-08-01,Q,.7218318
2017-08-01,R,.3868036
2017-08-01,S,.49459562
2017-08-01,U,.55489421
2017-09-01,A,.11924638
2017-09-01,B,.095605604
2017-09-01,C,.18295115
2017-09-01,D,.16388783
2017-09-01,E,.11762384
2017-09-01,F,.054419957
2017-09-01,G,.35248718
2017-09-01,H,.095525473
2017-09-01,I,.44958892
2017-09-01,J,.31653243
2017-09-01,K,.50323075
2017-09-01,L,.38984695
2017-09-01,M,.45321748
2017-09-01,N,.35375988
2017-09-01,O,.22995357
2017-09-01,P,.73550534
2017-09-01,Q,.72189492
2017-09-01,R,.38264766
2017-09-01,S,.49500743
2017-09-01,U,.55380577
2017-10-01,A,.12338214
2017-10-01,B,.097099192
2017-10-01,C,.18335608
2017-10-01,D,.16411614
2017-10-01,E,.11736747
2017-10-01,F,.054165293
2017-10-01,G,.35313845
2017-10-01,H,.11603769
2017-10-01,I,.44988951
2017-10-01,J,.31673872
2017-10-01,K,.50335318
2017-10-01,L,.39025506
2017-10-01,M,.4531405
2017-10-01,N,.35460591
2017-10-01,O,.23076315
2017-10-01,P,.73541498
2017-10-01,Q,.72181332
2017-10-01,R,.38523415
2017-10-01,S,.49557334
2017-10-01,U,.55395681
2017-11-01,A,.12715143
2017-11-01,B,.097180136
2017-11-01,C,.18329901
2017-11-01,D,.16440518
2017-11-01,E,.11753549
2017-11-01,F,.053895712
2017-11-01,G,.35313368
2017-11-01,H,.096267283
2017-11-01,I,.45104894
2017-11-01,J,.31668234
2017-11-01,K,.50380021
2017-11-01,L,.39038253
2017-11-01,M,.45135632
2017-11-01,N,.35455102
2017-11-01,O,.23283046
2017-11-01,P,.73538584
2017-11-01,Q,.72188812
2017-11-01,R,.38317317
2017-11-01,S,.49557748
2017-11-01,U,.55249345
2017-12-01,A,.13056341
2017-12-01,B,.097497255
2017-12-01,C,.18369438
2017-12-01,D,.16383642
2017-12-01,E,.11754946
2017-12-01,F,.056475975
2017-12-01,G,.35648617
2017-12-01,H,.096508369
2017-12-01,I,.45294169
2017-12-01,J,.31610924
2017-12-01,K,.5040431
2017-12-01,L,.39121625
2017-12-01,M,.45367366
2017-12-01,N,.35490087
2017-12-01,O,.23374671
2017-12-01,P,.73395407
2017-12-01,Q,.72171921
2017-12-01,R,.38586292
2017-12-01,S,.49451068
2017-12-01,U,.55533725
2018-01-01,A,.1330253
2018-01-01,B,.098304741
2018-01-01,C,.18390594
2018-01-01,D,.16477118
2018-01-01,E,.11711664
2018-01-01,F,.056100048
2018-01-01,G,.35694504
2018-01-01,H,.09667559
2018-01-01,I,.4588277
2018-01-01,J,.31490818
2018-01-01,K,.50424689
2018-01-01,L,.3920055
2018-01-01,M,.45181778
2018-01-01,N,.35299322
2018-01-01,O,.23420675
2018-01-01,P,.73341399
2018-01-01,Q,.72173774
2018-01-01,R,.39285526
2018-01-01,S,.48961157
2018-01-01,U,.556499
2018-02-01,A,.1333914
2018-02-01,B,.098523609
2018-02-01,C,.183745
2018-02-01,D,.16506724
2018-02-01,E,.11731529
2018-02-01,F,.056295406
2018-02-01,G,.3561275
2018-02-01,H,.096965902
2018-02-01,I,.45791718
2018-02-01,J,.31550047
2018-02-01,K,.50557327
2018-02-01,L,.39299029
2018-02-01,M,.45177171
2018-02-01,N,.35356078
2018-02-01,O,.24249333
2018-02-01,P,.73489213
2018-02-01,Q,.72180229
2018-02-01,R,.38735831
2018-02-01,S,.49026477
2018-02-01,U,.556499
2018-03-01,A,.12800169
2018-03-01,B,.099153973
2018-03-01,C,.18307747
2018-03-01,D,.16559583
2018-03-01,E,.11847807
2018-03-01,F,.055604391
2018-03-01,G,.35421804
2018-03-01,H,.096869566
2018-03-01,I,.45343995
2018-03-01,J,.31507644
2018-03-01,K,.50535595
2018-03-01,L,.3921575
2018-03-01,M,.4509384
2018-03-01,N,.35269639
2018-03-01,O,.24345091
2018-03-01,P,.73459744
2018-03-01,Q,.72168499
2018-03-01,R,.38138303
2018-03-01,S,.49333796
2018-03-01,U,.55764246
2018-04-01,A,.11940419
2018-04-01,B,.10677961
2018-04-01,C,.18191874
2018-04-01,D,.16615348
2018-04-01,E,.11879069
2018-04-01,F,.055518892
2018-04-01,G,.35363469
2018-04-01,H,.097003348
2018-04-01,I,.45073402
2018-04-01,J,.31578898
2018-04-01,K,.50448853
2018-04-01,L,.39008996
2018-04-01,M,.45109633
2018-04-01,N,.35263193
2018-04-01,O,.24359705
2018-04-01,P,.73524123
2018-04-01,Q,.72147387
2018-04-01,R,.38427427
2018-04-01,S,.49594122
2018-04-01,U,.55635178
2018-05-01,A,.11512974
2018-05-01,B,.1070064
2018-05-01,C,.18190315
2018-05-01,D,.16612066
2018-05-01,E,.11896313
2018-05-01,F,.055254947
2018-05-01,G,.35363415
2018-05-01,H,.096890487
2018-05-01,I,.44969013
2018-05-01,J,.31556711
2018-05-01,K,.50417364
2018-05-01,L,.39327592
2018-05-01,M,.45034772
2018-05-01,N,.35455173
2018-05-01,O,.24325027
2018-05-01,P,.73521948
2018-05-01,Q,.72109324
2018-05-01,R,.38649097
2018-05-01,S,.49689388
2018-05-01,U,.55939949
2018-06-01,A,.1127766
2018-06-01,B,.10776526
2018-06-01,C,.18180917
2018-06-01,D,.16679594
2018-06-01,E,.11947083
2018-06-01,F,.055950716
2018-06-01,G,.35395849
2018-06-01,H,.098222464
2018-06-01,I,.44978711
2018-06-01,J,.31526795
2018-06-01,K,.50471628
2018-06-01,L,.39320332
2018-06-01,M,.45126688
2018-06-01,N,.35393554
2018-06-01,O,.30266821
2018-06-01,P,.73433667
2018-06-01,Q,.72087049
2018-06-01,R,.39192748
2018-06-01,S,.4977982
2018-06-01,U,.55700326
2018-07-01,A,.1139961
2018-07-01,B,.1079417
2018-07-01,C,.18191746
2018-07-01,D,.1673173
2018-07-01,E,.11966511
2018-07-01,F,.055973653
2018-07-01,G,.3543247
2018-07-01,H,.098103881
2018-07-01,I,.45033211
2018-07-01,J,.31685713
2018-07-01,K,.50544024
2018-07-01,L,.39222696
2018-07-01,M,.45163834
2018-07-01,N,.35577843
2018-07-01,O,.367237
2018-07-01,P,.73377728
2018-07-01,Q,.72084481
2018-07-01,R,.39240199
2018-07-01,S,.4959242
2018-07-01,U,.55735582
2018-08-01,A,.11696549
2018-08-01,B,.1081448
2018-08-01,C,.18160518
2018-08-01,D,.16769807
2018-08-01,E,.11956812
2018-08-01,F,.055823911
2018-08-01,G,.35312998
2018-08-01,H,.098554708
2018-08-01,I,.45043689
2018-08-01,J,.31565431
2018-08-01,K,.50539613
2018-08-01,L,.39517704
2018-08-01,M,.45083386
2018-08-01,N,.35836232
2018-08-01,O,.38080105
2018-08-01,P,.73235941
2018-08-01,Q,.7207759
2018-08-01,R,.38678202
2018-08-01,S,.49738663
2018-08-01,U,.56
2018-09-01,A,.12062234
2018-09-01,B,.10849211
2018-09-01,C,.1815501
2018-09-01,D,.16791438
2018-09-01,E,.12014765
2018-09-01,F,.056281049
2018-09-01,G,.35246232
2018-09-01,H,.098495923
2018-09-01,I,.45198485
2018-09-01,J,.31537601
2018-09-01,K,.5061025
2018-09-01,L,.39302436
2018-09-01,M,.45235527
2018-09-01,N,.36040586
2018-09-01,O,.38374156
2018-09-01,P,.73212928
2018-09-01,Q,.72059548
2018-09-01,R,.38633096
2018-09-01,S,.49796674
2018-09-01,U,.5611465
2018-10-01,A,.12904926
2018-10-01,B,.10914295
2018-10-01,C,.181767
2018-10-01,D,.16767424
2018-10-01,E,.12050264
2018-10-01,F,.056081828
2018-10-01,G,.35303536
2018-10-01,H,.098865964
2018-10-01,I,.45331532
2018-10-01,J,.31519097
2018-10-01,K,.50560135
2018-10-01,L,.39358014
2018-10-01,M,.45325369
2018-10-01,N,.36129689
2018-10-01,O,.38576695
2018-10-01,P,.73247701
2018-10-01,Q,.72079307
2018-10-01,R,.38568375
2018-10-01,S,.49774191
2018-10-01,U,.56123739
2018-11-01,A,.13260658
2018-11-01,B,.109834
2018-11-01,C,.18175201
2018-11-01,D,.1681899
2018-11-01,E,.12026915
2018-11-01,F,.05644853
2018-11-01,G,.35286787
2018-11-01,H,.099474534
2018-11-01,I,.45463294
2018-11-01,J,.31428316
2018-11-01,K,.5053041
2018-11-01,L,.39467344
2018-11-01,M,.45282698
2018-11-01,N,.36176622
2018-11-01,O,.38674808
2018-11-01,P,.73222339
2018-11-01,Q,.72052717
2018-11-01,R,.38341665
2018-11-01,S,.49778023
2018-11-01,U,.56010067
2018-12-01,A,.13137436
2018-12-01,B,.10996889
2018-12-01,C,.18212835
2018-12-01,D,.16862166
2018-12-01,E,.11960908
2018-12-01,F,.058108021
2018-12-01,G,.35501266
2018-12-01,H,.099332154
2018-12-01,I,.4563176
2018-12-01,J,.31367409
2018-12-01,K,.50616586
2018-12-01,L,.39585012
2018-12-01,M,.45441824
2018-12-01,N,.36238658
2018-12-01,O,.38824853
2018-12-01,P,.73189431
2018-12-01,Q,.72091162
2018-12-01,R,.38687763
2018-12-01,S,.49670628
2018-12-01,U,.55982369
2019-01-01,A,.13080619
2019-01-01,B,.11013544
2019-01-01,C,.18224083
2019-01-01,D,.16925044
2019-01-01,E,.11904638
2019-01-01,F,.057389792
2019-01-01,G,.35595208
2019-01-01,H,.099288158
2019-01-01,I,.46219
2019-01-01,J,.31408647
2019-01-01,K,.50637096
2019-01-01,L,.39557499
2019-01-01,M,.45200145
2019-01-01,N,.36048585
2019-01-01,O,.39009044
2019-01-01,P,.73108894
2019-01-01,Q,.72094494
2019-01-01,R,.39045778
2019-01-01,S,.49374294
2019-01-01,U,.56210393
2019-02-01,A,.13090837
2019-02-01,B,.11034563
2019-02-01,C,.1816937
2019-02-01,D,.1696211
2019-02-01,E,.11898932
2019-02-01,F,.056777168
2019-02-01,G,.35502905
2019-02-01,H,.099073321
2019-02-01,I,.46167839
2019-02-01,J,.31444958
2019-02-01,K,.50708163
2019-02-01,L,.39549839
2019-02-01,M,.45169467
2019-02-01,N,.35991886
2019-02-01,O,.39006415
2019-02-01,P,.73204404
2019-02-01,Q,.72096497
2019-02-01,R,.38770783
2019-02-01,S,.49333224
2019-02-01,U,.5601266
2019-03-01,A,.12518437
2019-03-01,B,.11051074
2019-03-01,C,.18095709
2019-03-01,D,.16980097
2019-03-01,E,.11984259
2019-03-01,F,.056383166
2019-03-01,G,.35326177
2019-03-01,H,.09937717
2019-03-01,I,.45752451
2019-03-01,J,.31468493
2019-03-01,K,.50648654
2019-03-01,L,.3923164
2019-03-01,M,.45051816
2019-03-01,N,.35897624
2019-03-01,O,.39136073
2019-03-01,P,.73191577
2019-03-01,Q,.72105098
2019-03-01,R,.38338199
2019-03-01,S,.49531278
2019-03-01,U,.5615142
2019-04-01,A,.11880154
2019-04-01,B,.11077457
2019-04-01,C,.18026166
2019-04-01,D,.16995746
2019-04-01,E,.11934859
2019-04-01,F,.056592386
2019-04-01,G,.35201287
2019-04-01,H,.10234763
2019-04-01,I,.45592207
2019-04-01,J,.31538799
2019-04-01,K,.50627893
2019-04-01,L,.39267725
2019-04-01,M,.45297325
2019-04-01,N,.3591764
2019-04-01,O,.39144719
2019-04-01,P,.73209047
2019-04-01,Q,.72110641
2019-04-01,R,.38459185
2019-04-01,S,.49802917
2019-04-01,U,.56194693
2019-05-01,A,.11405583
2019-05-01,B,.11177769
2019-05-01,C,.18005662
2019-05-01,D,.16998461
2019-05-01,E,.11960441
2019-05-01,F,.056374758
2019-05-01,G,.3520335
2019-05-01,H,.10141103
2019-05-01,I,.45463336
2019-05-01,J,.31573561
2019-05-01,K,.50535804
2019-05-01,L,.39339572
2019-05-01,M,.45197532
2019-05-01,N,.35988307
2019-05-01,O,.39295575
2019-05-01,P,.7321173
2019-05-01,Q,.72061199
2019-05-01,R,.38501996
2019-05-01,S,.49890965
2019-05-01,U,.56120527
2019-06-01,A,.11113214
2019-06-01,B,.11221692
2019-06-01,C,.17992501
2019-06-01,D,.17004853
2019-06-01,E,.11980654
2019-06-01,F,.057401933
2019-06-01,G,.35271013
2019-06-01,H,.11389208
2019-06-01,I,.45501602
2019-06-01,J,.31595668
2019-06-01,K,.50504136
2019-06-01,L,.39328113
2019-06-01,M,.454505
2019-06-01,N,.36199206
2019-06-01,O,.39442998
2019-06-01,P,.73205358
2019-06-01,Q,.72106713
2019-06-01,R,.38791323
2019-06-01,S,.50004065
2019-06-01,U,.56324732
2019-07-01,A,.11099509
2019-07-01,B,.11288912
2019-07-01,C,.18032078
2019-07-01,D,.17002295
2019-07-01,E,.11921189
2019-07-01,F,.057635091
2019-07-01,G,.35292569
2019-07-01,H,.11161766
2019-07-01,I,.4559159
2019-07-01,J,.31777179
2019-07-01,K,.50503671
2019-07-01,L,.39318952
2019-07-01,M,.45484397
2019-07-01,N,.36280829
2019-07-01,O,.39608485
2019-07-01,P,.73168516
2019-07-01,Q,.72093463
2019-07-01,R,.39041498
2019-07-01,S,.49835631
2019-07-01,U,.5625782
2019-08-01,A,.1135757
2019-08-01,B,.11341118
2019-08-01,C,.18057002
2019-08-01,D,.17027906
2019-08-01,E,.11983189
2019-08-01,F,.058174629
2019-08-01,G,.35323611
2019-08-01,H,.130302
2019-08-01,I,.45620784
2019-08-01,J,.31716183
2019-08-01,K,.5054394
2019-08-01,L,.39260918
2019-08-01,M,.45538914
2019-08-01,N,.3632749
2019-08-01,O,.39675543
2019-08-01,P,.73117715
2019-08-01,Q,.72098321
2019-08-01,R,.38937396
2019-08-01,S,.49928838
2019-08-01,U,.56230432
2019-09-01,A,.11804485
2019-09-01,B,.11363873
2019-09-01,C,.18039919
2019-09-01,D,.17081602
2019-09-01,E,.11957891
2019-09-01,F,.059102748
2019-09-01,G,.35272801
2019-09-01,H,.10081875
2019-09-01,I,.45652571
2019-09-01,J,.31572893
2019-09-01,K,.50452811
2019-09-01,L,.39312771
2019-09-01,M,.45598328
2019-09-01,N,.36374027
2019-09-01,O,.39784157
2019-09-01,P,.73119432
2019-09-01,Q,.72082084
2019-09-01,R,.38793531
2019-09-01,S,.49946049
2019-09-01,U,.55805242
2019-10-01,A,.12360613
2019-10-01,B,.11359975
2019-10-01,C,.18015909
2019-10-01,D,.17124298
2019-10-01,E,.11938946
2019-10-01,F,.06027526
2019-10-01,G,.35305852
2019-10-01,H,.13273066
2019-10-01,I,.45680371
2019-10-01,J,.31503353
2019-10-01,K,.50448453
2019-10-01,L,.39338499
2019-10-01,M,.45677587
2019-10-01,N,.36495262
2019-10-01,O,.39773244
2019-10-01,P,.7314226
2019-10-01,Q,.72060925
2019-10-01,R,.38810608
2019-10-01,S,.49934071
2019-10-01,U,.5574891
2019-11-01,A,.12633081
2019-11-01,B,.11400305
2019-11-01,C,.18068168
2019-11-01,D,.1713185
2019-11-01,E,.11964186
2019-11-01,F,.061141163
2019-11-01,G,.35294741
2019-11-01,H,.1004694
2019-11-01,I,.45793295
2019-11-01,J,.31527644
2019-11-01,K,.50450063
2019-11-01,L,.3930178
2019-11-01,M,.45687118
2019-11-01,N,.36431932
2019-11-01,O,.39706379
2019-11-01,P,.73117578
2019-11-01,Q,.72061372
2019-11-01,R,.38838977
2019-11-01,S,.4993954
2019-11-01,U,.55714285
2019-12-01,A,.12653898
2019-12-01,B,.11514987
2019-12-01,C,.18153888
2019-12-01,D,.17135789
2019-12-01,E,.1196159
2019-12-01,F,.063544482
2019-12-01,G,.35569876
2019-12-01,H,.10040903
2019-12-01,I,.4597744
2019-12-01,J,.31506068
2019-12-01,K,.50553459
2019-12-01,L,.39311841
2019-12-01,M,.45933703
2019-12-01,N,.36419404
2019-12-01,O,.39791691
2019-12-01,P,.73066562
2019-12-01,Q,.72040153
2019-12-01,R,.39085975
2019-12-01,S,.49817279
2019-12-01,U,.55645162
2020-01-01,A,.12712556
2020-01-01,B,.11594719
2020-01-01,C,.1819839
2020-01-01,D,.17160244
2020-01-01,E,.11960357
2020-01-01,F,.064737126
2020-01-01,G,.35632312
2020-01-01,H,.10081854
2020-01-01,I,.46427691
2020-01-01,J,.31557167
2020-01-01,K,.50613773
2020-01-01,L,.39398137
2020-01-01,M,.45915177
2020-01-01,N,.36297205
2020-01-01,O,.39698744
2020-01-01,P,.72948432
2020-01-01,Q,.72057974
2020-01-01,R,.39403692
2020-01-01,S,.49577579
2020-01-01,U,.55617285
2020-02-01,A,.12721221
2020-02-01,B,.11623102
2020-02-01,C,.18207715
2020-02-01,D,.17167875
2020-02-01,E,.11988213
2020-02-01,F,.065555155
2020-02-01,G,.35526785
2020-02-01,H,.1012099
2020-02-01,I,.46359491
2020-02-01,J,.31532922
2020-02-01,K,.506612
2020-02-01,L,.39357111
2020-02-01,M,.45775095
2020-02-01,N,.36245191
2020-02-01,O,.39824247
2020-02-01,P,.73064578
2020-02-01,Q,.7205565
2020-02-01,R,.38972941
2020-02-01,S,.49464151
2020-02-01,U,.55528253
2020-03-01,A,.12135344
2020-03-01,B,.11663896
2020-03-01,C,.18123971
2020-03-01,D,.17176087
2020-03-01,E,.12048193
2020-03-01,F,.066916861
2020-03-01,G,.35279298
2020-03-01,H,.10126504
2020-03-01,I,.45771894
2020-03-01,J,.31499216
2020-03-01,K,.5062837
2020-03-01,L,.39168385
2020-03-01,M,.45787093
2020-03-01,N,.35925877
2020-03-01,O,.39815387
2020-03-01,P,.72998673
2020-03-01,Q,.72063679
2020-03-01,R,.38626575
2020-03-01,S,.49625251
2020-03-01,U,.55493826
2020-04-01,A,.11404355
2020-04-01,B,.1164479
2020-04-01,C,.17940731
2020-04-01,D,.17161858
2020-04-01,E,.1197367
2020-04-01,F,.072487347
2020-04-01,G,.34972569
2020-04-01,H,.10058168
2020-04-01,I,.45306644
2020-04-01,J,.31389633
2020-04-01,K,.50602555
2020-04-01,L,.3909125
2020-04-01,M,.46352035
2020-04-01,N,.35593766
2020-04-01,O,.46742851
2020-04-01,P,.72909975
2020-04-01,Q,.72054726
2020-04-01,R,.38839769
2020-04-01,S,.49695748
2020-04-01,U,.55376011
2020-05-01,A,.11043091
2020-05-01,B,.11636367
2020-05-01,C,.17956014
2020-05-01,D,.17152762
2020-05-01,E,.11963309
2020-05-01,F,.073449731
2020-05-01,G,.34895006
2020-05-01,H,.10045126
2020-05-01,I,.45229751
2020-05-01,J,.31310645
2020-05-01,K,.50579029
2020-05-01,L,.39037088
2020-05-01,M,.46459496
2020-05-01,N,.35458335
2020-05-01,O,.46664375
2020-05-01,P,.72836614
2020-05-01,Q,.72029495
2020-05-01,R,.38783669
2020-05-01,S,.49678281
2020-05-01,U,.55610973
2020-06-01,A,.10862282
2020-06-01,B,.11711328
2020-06-01,C,.17913423
2020-06-01,D,.17165717
2020-06-01,E,.11986016
2020-06-01,F,.07335037
2020-06-01,G,.34821448
2020-06-01,H,.10020622
2020-06-01,I,.45215124
2020-06-01,J,.31266874
2020-06-01,K,.50542706
2020-06-01,L,.38885936
2020-06-01,M,.46358907
2020-06-01,N,.35343781
2020-06-01,O,.467673
2020-06-01,P,.72790033
2020-06-01,Q,.72018069
2020-06-01,R,.38771403
2020-06-01,S,.49739638
2020-06-01,U,.55708045
2020-07-01,A,.10905187
2020-07-01,B,.11651999
2020-07-01,C,.17906933
2020-07-01,D,.17181057
2020-07-01,E,.12022276
2020-07-01,F,.074217923
2020-07-01,G,.3471781
2020-07-01,H,.10046012
2020-07-01,I,.45142344
2020-07-01,J,.31203702
2020-07-01,K,.50559288
2020-07-01,L,.38756591
2020-07-01,M,.46412817
2020-07-01,N,.35055351
2020-07-01,O,.46726909
2020-07-01,P,.72762859
2020-07-01,Q,.72000736
2020-07-01,R,.3900404
2020-07-01,S,.49700716
2020-07-01,U,.5575
2020-08-01,A,.11185095
2020-08-01,B,.11612339
2020-08-01,C,.17872347
2020-08-01,D,.17197521
2020-08-01,E,.12045403
2020-08-01,F,.073990613
2020-08-01,G,.34651259
2020-08-01,H,.10047503
2020-08-01,I,.4504869
2020-08-01,J,.31202781
2020-08-01,K,.50566953
2020-08-01,L,.38692102
2020-08-01,M,.46370763
2020-08-01,N,.34889331
2020-08-01,O,.46800604
2020-08-01,P,.72696233
2020-08-01,Q,.71973687
2020-08-01,R,.38949636
2020-08-01,S,.4964461
2020-08-01,U,.55975235
2020-09-01,A,.11491185
2020-09-01,B,.1155808
2020-09-01,C,.17863287
2020-09-01,D,.17213076
2020-09-01,E,.12028875
2020-09-01,F,.072889902
2020-09-01,G,.34577754
2020-09-01,H,.10047597
2020-09-01,I,.44989136
2020-09-01,J,.31228915
2020-09-01,K,.50529104
2020-09-01,L,.38656059
2020-09-01,M,.4620893
2020-09-01,N,.34763592
2020-09-01,O,.46712565
2020-09-01,P,.72693539
2020-09-01,Q,.71973133
2020-09-01,R,.3875719
2020-09-01,S,.49610451
2020-09-01,U,.55727553
2020-10-01,A,.11945631
2020-10-01,B,.11480948
2020-10-01,C,.17838041
2020-10-01,D,.17245622
2020-10-01,E,.11981869
2020-10-01,F,.07216309
2020-10-01,G,.34520718
2020-10-01,H,.10080995
2020-10-01,I,.4496547
2020-10-01,J,.31334242
2020-10-01,K,.50540155
2020-10-01,L,.38536707
2020-10-01,M,.4603422
2020-10-01,N,.3463639
2020-10-01,O,.46660247
2020-10-01,P,.7268424
2020-10-01,Q,.71969134
2020-10-01,R,.3862727
2020-10-01,S,.49528682
2020-10-01,U,.55740738
2020-11-01,A,.12368414
2020-11-01,B,.11480349
2020-11-01,C,.17856644
2020-11-01,D,.17231256
2020-11-01,E,.11930145
2020-11-01,F,.070441999
2020-11-01,G,.34455565
2020-11-01,H,.10099652
2020-11-01,I,.45051163
2020-11-01,J,.31481165
2020-11-01,K,.50524598
2020-11-01,L,.38427266
2020-11-01,M,.45916671
2020-11-01,N,.34590584
2020-11-01,O,.46745968
2020-11-01,P,.7267608
2020-11-01,Q,.71963799
2020-11-01,R,.38509142
2020-11-01,S,.49512798
2020-11-01,U,.55569232
2020-12-01,A,.12483732
2020-12-01,B,.11478592
2020-12-01,C,.17903939
2020-12-01,D,.1724471
2020-12-01,E,.12028396
2020-12-01,F,.071518727
2020-12-01,G,.34550941
2020-12-01,H,.10109875
2020-12-01,I,.45359451
2020-12-01,J,.31490046
2020-12-01,K,.50576097
2020-12-01,L,.38449454
2020-12-01,M,.45944923
2020-12-01,N,.34649229
2020-12-01,O,.46696869
2020-12-01,P,.72648489
2020-12-01,Q,.71967882
2020-12-01,R,.38553429
2020-12-01,S,.49480727
2020-12-01,U,.55329639
2021-01-01,A,.12554412
2021-01-01,B,.11419293
2021-01-01,C,.17945223
2021-01-01,D,.17244916
2021-01-01,E,.12013691
2021-01-01,F,.070189901
2021-01-01,G,.34576762
2021-01-01,H,.10153016
2021-01-01,I,.45814294
2021-01-01,J,.31598762
2021-01-01,K,.50628918
2021-01-01,L,.38578662
2021-01-01,M,.45995814
2021-01-01,N,.34587038
2021-01-01,O,.487598
2021-01-01,P,.72674119
2021-01-01,Q,.71994114
2021-01-01,R,.38764673
2021-01-01,S,.4933849
2021-01-01,U,.55384618
2021-02-01,A,.12631342
2021-02-01,B,.11405141
2021-02-01,C,.17922395
2021-02-01,D,.17246652
2021-02-01,E,.11994646
2021-02-01,F,.069448009
2021-02-01,G,.34503639
2021-02-01,H,.10150076
2021-02-01,I,.45821634
2021-02-01,J,.31639728
2021-02-01,K,.50656438
2021-02-01,L,.38551301
2021-02-01,M,.45957425
2021-02-01,N,.34504017
2021-02-01,O,.4870047
2021-02-01,P,.72745234
2021-02-01,Q,.71975261
2021-02-01,R,.38574138
2021-02-01,S,.49295682
2021-02-01,U,.55296999
2021-03-01,A,.12327013
2021-03-01,B,.11428196
2021-03-01,C,.17868029
2021-03-01,D,.17251547
2021-03-01,E,.12059217
2021-03-01,F,.068036541
2021-03-01,G,.3438921
2021-03-01,H,.10136269
2021-03-01,I,.45501772
2021-03-01,J,.31696615
2021-03-01,K,.50617957
2021-03-01,L,.38448429
2021-03-01,M,.45722669
2021-03-01,N,.34427837
2021-03-01,O,.48877436
2021-03-01,P,.72860175
2021-03-01,Q,.71954817
2021-03-01,R,.38379323
2021-03-01,S,.49509919
2021-03-01,U,.55237514
2021-04-01,A,.11841072
2021-04-01,B,.11499191
2021-04-01,C,.17818356
2021-04-01,D,.17250274
2021-04-01,E,.1212318
2021-04-01,F,.068037726
2021-04-01,G,.34317312
2021-04-01,H,.10196367
2021-04-01,I,.45383182
2021-04-01,J,.31743678
2021-04-01,K,.50539225
2021-04-01,L,.3837592
2021-04-01,M,.45674372
2021-04-01,N,.34387341
2021-04-01,O,.48639384
2021-04-01,P,.7292341
2021-04-01,Q,.71952587
2021-04-01,R,.38261849
2021-04-01,S,.49647498
2021-04-01,U,.55168194
2021-05-01,A,.114407
2021-05-01,B,.11537917
2021-05-01,C,.17802221
2021-05-01,D,.17289749
2021-05-01,E,.12147071
2021-05-01,F,.06821698
2021-05-01,G,.34273896
2021-05-01,H,.10223813
2021-05-01,I,.4521639
2021-05-01,J,.31859356
2021-05-01,K,.50566375
2021-05-01,L,.38281855
2021-05-01,M,.45674157
2021-05-01,N,.34399047
2021-05-01,O,.48651308
2021-05-01,P,.72905999
2021-05-01,Q,.71947259
2021-05-01,R,.38230312
2021-05-01,S,.49720898
2021-05-01,U,.55291969
2021-06-01,A,.113769
2021-06-01,B,.11558253
2021-06-01,C,.17842461
2021-06-01,D,.17316835
2021-06-01,E,.12173244
2021-06-01,F,.067327283
2021-06-01,G,.34265381
2021-06-01,H,.11166947
2021-06-01,I,.45168221
2021-06-01,J,.31986287
2021-06-01,K,.50552714
2021-06-01,L,.38134009
2021-06-01,M,.45701566
2021-06-01,N,.34562659
2021-06-01,O,.48620448
2021-06-01,P,.72883588
2021-06-01,Q,.71932131
2021-06-01,R,.38185382
2021-06-01,S,.4980095
2021-06-01,U,.55164033
2021-07-01,A,.11443621
2021-07-01,B,.11553047
2021-07-01,C,.17880461
2021-07-01,D,.17329615
2021-07-01,E,.12195623
2021-07-01,F,.067026295
2021-07-01,G,.3432028
2021-07-01,H,.11161385
2021-07-01,I,.45369166
2021-07-01,J,.32073799
2021-07-01,K,.50572771
2021-07-01,L,.38149795
2021-07-01,M,.45706129
2021-07-01,N,.34718341
2021-07-01,O,.4842281
2021-07-01,P,.72867
2021-07-01,Q,.71948618
2021-07-01,R,.38237584
2021-07-01,S,.49734464
2021-07-01,U,.55143028
2021-08-01,A,.11644268
2021-08-01,B,.11584146
2021-08-01,C,.17910199
2021-08-01,D,.1735352
2021-08-01,E,.12178147
2021-08-01,F,.066160932
2021-08-01,G,.34383997
2021-08-01,H,.11618407
2021-08-01,I,.45502239
2021-08-01,J,.32119641
2021-08-01,K,.50631052
2021-08-01,L,.38247225
2021-08-01,M,.45733431
2021-08-01,N,.34938902
2021-08-01,O,.4843598
2021-08-01,P,.72932869
2021-08-01,Q,.71967226
2021-08-01,R,.38383043
2021-08-01,S,.49869677
2021-08-01,U,.55024213
