fecha,zona_prov,share_mujer
2013-01-01,BUENOS AIRES,.39683864
2013-01-01,CAPITAL FEDERAL,.40597263
2013-01-01,CATAMARCA,.38749987
2013-01-01,CHACO,.39649096
2013-01-01,CHUBUT,.36304161
2013-01-01,CORDOBA,.40390566
2013-01-01,CORRIENTES,.28267983
2013-01-01,ENTRE RIOS,.39228046
2013-01-01,FORMOSA,.39325947
2013-01-01,JUJUY,.40394863
2013-01-01,LA PAMPA,.42429838
2013-01-01,LA RIOJA,.40483046
2013-01-01,MENDOZA,.38329631
2013-01-01,MISIONES,.36868182
2013-01-01,NEUQUEN,.37825054
2013-01-01,RIO NEGRO,.39238599
2013-01-01,SALTA,.38398769
2013-01-01,SAN JUAN,.33431658
2013-01-01,SAN LUIS,.36165962
2013-01-01,SANTA CRUZ,.23634738
2013-01-01,SANTA FE,.37328091
2013-01-01,SANTIAGO DEL ESTERO,.38701385
2013-01-01,TIERRA DEL FUEGO,.39670748
2013-01-01,TUCUMAN,.36534745
2013-02-01,BUENOS AIRES,.39725885
2013-02-01,CAPITAL FEDERAL,.40680045
2013-02-01,CATAMARCA,.37915823
2013-02-01,CHACO,.4028514
2013-02-01,CHUBUT,.36496025
2013-02-01,CORDOBA,.39860007
2013-02-01,CORRIENTES,.36438906
2013-02-01,ENTRE RIOS,.39165959
2013-02-01,FORMOSA,.39223182
2013-02-01,JUJUY,.40711027
2013-02-01,LA PAMPA,.42258701
2013-02-01,LA RIOJA,.3847869
2013-02-01,MENDOZA,.38124073
2013-02-01,MISIONES,.36865738
2013-02-01,NEUQUEN,.3752932
2013-02-01,RIO NEGRO,.38946247
2013-02-01,SALTA,.38421145
2013-02-01,SAN JUAN,.33011991
2013-02-01,SAN LUIS,.36181584
2013-02-01,SANTA CRUZ,.2353427
2013-02-01,SANTA FE,.37256354
2013-02-01,SANTIAGO DEL ESTERO,.38761809
2013-02-01,TIERRA DEL FUEGO,.39879882
2013-02-01,TUCUMAN,.36412528
2013-03-01,BUENOS AIRES,.39495039
2013-03-01,CAPITAL FEDERAL,.40723729
2013-03-01,CATAMARCA,.37895465
2013-03-01,CHACO,.30903834
2013-03-01,CHUBUT,.36601168
2013-03-01,CORDOBA,.39743808
2013-03-01,CORRIENTES,.36333951
2013-03-01,ENTRE RIOS,.39094457
2013-03-01,FORMOSA,.39048141
2013-03-01,JUJUY,.40780666
2013-03-01,LA PAMPA,.42364445
2013-03-01,LA RIOJA,.38219464
2013-03-01,MENDOZA,.3737807
2013-03-01,MISIONES,.367946
2013-03-01,NEUQUEN,.37658098
2013-03-01,RIO NEGRO,.39229223
2013-03-01,SALTA,.382229
2013-03-01,SAN JUAN,.32751951
2013-03-01,SAN LUIS,.36192909
2013-03-01,SANTA CRUZ,.23368259
2013-03-01,SANTA FE,.37385452
2013-03-01,SANTIAGO DEL ESTERO,.38666278
2013-03-01,TIERRA DEL FUEGO,.39404193
2013-03-01,TUCUMAN,.35852683
2013-04-01,BUENOS AIRES,.39554513
2013-04-01,CAPITAL FEDERAL,.40600747
2013-04-01,CATAMARCA,.37949166
2013-04-01,CHACO,.30849814
2013-04-01,CHUBUT,.36626858
2013-04-01,CORDOBA,.39670584
2013-04-01,CORRIENTES,.35978329
2013-04-01,ENTRE RIOS,.39008239
2013-04-01,FORMOSA,.38910511
2013-04-01,JUJUY,.39721423
2013-04-01,LA PAMPA,.42121339
2013-04-01,LA RIOJA,.39042914
2013-04-01,MENDOZA,.37164024
2013-04-01,MISIONES,.36359075
2013-04-01,NEUQUEN,.38009596
2013-04-01,RIO NEGRO,.40478212
2013-04-01,SALTA,.38332799
2013-04-01,SAN JUAN,.32508546
2013-04-01,SAN LUIS,.36111018
2013-04-01,SANTA CRUZ,.228636
2013-04-01,SANTA FE,.37302259
2013-04-01,SANTIAGO DEL ESTERO,.38541418
2013-04-01,TIERRA DEL FUEGO,.39385918
2013-04-01,TUCUMAN,.3512308
2013-05-01,BUENOS AIRES,.39438203
2013-05-01,CAPITAL FEDERAL,.40151465
2013-05-01,CATAMARCA,.38028386
2013-05-01,CHACO,.30750126
2013-05-01,CHUBUT,.36571127
2013-05-01,CORDOBA,.38826567
2013-05-01,CORRIENTES,.36075127
2013-05-01,ENTRE RIOS,.39093193
2013-05-01,FORMOSA,.38737679
2013-05-01,JUJUY,.40059829
2013-05-01,LA PAMPA,.42239162
2013-05-01,LA RIOJA,.39817354
2013-05-01,MENDOZA,.38288742
2013-05-01,MISIONES,.36156887
2013-05-01,NEUQUEN,.38110274
2013-05-01,RIO NEGRO,.40590397
2013-05-01,SALTA,.38184637
2013-05-01,SAN JUAN,.32904691
2013-05-01,SAN LUIS,.36200887
2013-05-01,SANTA CRUZ,.22731204
2013-05-01,SANTA FE,.37571353
2013-05-01,SANTIAGO DEL ESTERO,.38605225
2013-05-01,TIERRA DEL FUEGO,.38981286
2013-05-01,TUCUMAN,.34785557
2013-06-01,BUENOS AIRES,.39784962
2013-06-01,CAPITAL FEDERAL,.40312794
2013-06-01,CATAMARCA,.38416594
2013-06-01,CHACO,.30854777
2013-06-01,CHUBUT,.36694992
2013-06-01,CORDOBA,.39103869
2013-06-01,CORRIENTES,.36194038
2013-06-01,ENTRE RIOS,.39017156
2013-06-01,FORMOSA,.38798171
2013-06-01,JUJUY,.40624133
2013-06-01,LA PAMPA,.4241049
2013-06-01,LA RIOJA,.40279424
2013-06-01,MENDOZA,.38571256
2013-06-01,MISIONES,.36368442
2013-06-01,NEUQUEN,.38142955
2013-06-01,RIO NEGRO,.40862641
2013-06-01,SALTA,.38306308
2013-06-01,SAN JUAN,.33586732
2013-06-01,SAN LUIS,.3656694
2013-06-01,SANTA CRUZ,.22796507
2013-06-01,SANTA FE,.37855753
2013-06-01,SANTIAGO DEL ESTERO,.38969907
2013-06-01,TIERRA DEL FUEGO,.39665753
2013-06-01,TUCUMAN,.34881243
2013-07-01,BUENOS AIRES,.39730906
2013-07-01,CAPITAL FEDERAL,.40300635
2013-07-01,CATAMARCA,.38485524
2013-07-01,CHACO,.30279174
2013-07-01,CHUBUT,.36719486
2013-07-01,CORDOBA,.39073116
2013-07-01,CORRIENTES,.36347544
2013-07-01,ENTRE RIOS,.39040786
2013-07-01,FORMOSA,.38564408
2013-07-01,JUJUY,.40655744
2013-07-01,LA PAMPA,.42149836
2013-07-01,LA RIOJA,.40252513
2013-07-01,MENDOZA,.38510504
2013-07-01,MISIONES,.36233902
2013-07-01,NEUQUEN,.38045216
2013-07-01,RIO NEGRO,.40768686
2013-07-01,SALTA,.3831858
2013-07-01,SAN JUAN,.33431736
2013-07-01,SAN LUIS,.36609021
2013-07-01,SANTA CRUZ,.23037051
2013-07-01,SANTA FE,.37919226
2013-07-01,SANTIAGO DEL ESTERO,.38935927
2013-07-01,TIERRA DEL FUEGO,.39886883
2013-07-01,TUCUMAN,.34693265
2013-08-01,BUENOS AIRES,.39688578
2013-08-01,CAPITAL FEDERAL,.40338948
2013-08-01,CATAMARCA,.38555083
2013-08-01,CHACO,.30644873
2013-08-01,CHUBUT,.36825135
2013-08-01,CORDOBA,.39152861
2013-08-01,CORRIENTES,.36354524
2013-08-01,ENTRE RIOS,.39054838
2013-08-01,FORMOSA,.38505855
2013-08-01,JUJUY,.40671962
2013-08-01,LA PAMPA,.42164037
2013-08-01,LA RIOJA,.40246519
2013-08-01,MENDOZA,.38709855
2013-08-01,MISIONES,.36399388
2013-08-01,NEUQUEN,.37870559
2013-08-01,RIO NEGRO,.40854183
2013-08-01,SALTA,.38411105
2013-08-01,SAN JUAN,.3387818
2013-08-01,SAN LUIS,.36579105
2013-08-01,SANTA CRUZ,.23123398
2013-08-01,SANTA FE,.37994373
2013-08-01,SANTIAGO DEL ESTERO,.39043957
2013-08-01,TIERRA DEL FUEGO,.39870834
2013-08-01,TUCUMAN,.34930742
2013-09-01,BUENOS AIRES,.39644766
2013-09-01,CAPITAL FEDERAL,.40308544
2013-09-01,CATAMARCA,.38741177
2013-09-01,CHACO,.30640358
2013-09-01,CHUBUT,.36565876
2013-09-01,CORDOBA,.39153424
2013-09-01,CORRIENTES,.36458459
2013-09-01,ENTRE RIOS,.39252576
2013-09-01,FORMOSA,.38606387
2013-09-01,JUJUY,.40514651
2013-09-01,LA PAMPA,.42542124
2013-09-01,LA RIOJA,.4030968
2013-09-01,MENDOZA,.38601705
2013-09-01,MISIONES,.36675784
2013-09-01,NEUQUEN,.37865531
2013-09-01,RIO NEGRO,.40905842
2013-09-01,SALTA,.37981725
2013-09-01,SAN JUAN,.34104252
2013-09-01,SAN LUIS,.36694565
2013-09-01,SANTA CRUZ,.23291858
2013-09-01,SANTA FE,.3811084
2013-09-01,SANTIAGO DEL ESTERO,.39159757
2013-09-01,TIERRA DEL FUEGO,.39982843
2013-09-01,TUCUMAN,.3495039
2013-10-01,BUENOS AIRES,.39730209
2013-10-01,CAPITAL FEDERAL,.40333706
2013-10-01,CATAMARCA,.38738111
2013-10-01,CHACO,.30727121
2013-10-01,CHUBUT,.36497608
2013-10-01,CORDOBA,.39063352
2013-10-01,CORRIENTES,.36496821
2013-10-01,ENTRE RIOS,.39194676
2013-10-01,FORMOSA,.39064243
2013-10-01,JUJUY,.40473488
2013-10-01,LA PAMPA,.42406234
2013-10-01,LA RIOJA,.40455782
2013-10-01,MENDOZA,.38743722
2013-10-01,MISIONES,.36983979
2013-10-01,NEUQUEN,.37733385
2013-10-01,RIO NEGRO,.40998065
2013-10-01,SALTA,.37792778
2013-10-01,SAN JUAN,.33490446
2013-10-01,SAN LUIS,.36565706
2013-10-01,SANTA CRUZ,.23448837
2013-10-01,SANTA FE,.38174421
2013-10-01,SANTIAGO DEL ESTERO,.39049783
2013-10-01,TIERRA DEL FUEGO,.39645398
2013-10-01,TUCUMAN,.36150968
2013-11-01,BUENOS AIRES,.39796293
2013-11-01,CAPITAL FEDERAL,.40173775
2013-11-01,CATAMARCA,.38726684
2013-11-01,CHACO,.39634773
2013-11-01,CHUBUT,.36507449
2013-11-01,CORDOBA,.39215732
2013-11-01,CORRIENTES,.36452776
2013-11-01,ENTRE RIOS,.39375997
2013-11-01,FORMOSA,.38774416
2013-11-01,JUJUY,.40579608
2013-11-01,LA PAMPA,.42491609
2013-11-01,LA RIOJA,.40470415
2013-11-01,MENDOZA,.38731816
2013-11-01,MISIONES,.3692643
2013-11-01,NEUQUEN,.37481964
2013-11-01,RIO NEGRO,.40613675
2013-11-01,SALTA,.3778266
2013-11-01,SAN JUAN,.34462944
2013-11-01,SAN LUIS,.36528748
2013-11-01,SANTA CRUZ,.23866859
2013-11-01,SANTA FE,.38234261
2013-11-01,SANTIAGO DEL ESTERO,.39085278
2013-11-01,TIERRA DEL FUEGO,.39462143
2013-11-01,TUCUMAN,.36356542
2013-12-01,BUENOS AIRES,.39468199
2013-12-01,CAPITAL FEDERAL,.40114868
2013-12-01,CATAMARCA,.3878665
2013-12-01,CHACO,.40090111
2013-12-01,CHUBUT,.36801142
2013-12-01,CORDOBA,.39181587
2013-12-01,CORRIENTES,.36576775
2013-12-01,ENTRE RIOS,.39461321
2013-12-01,FORMOSA,.39136356
2013-12-01,JUJUY,.40935192
2013-12-01,LA PAMPA,.42863205
2013-12-01,LA RIOJA,.40432128
2013-12-01,MENDOZA,.39245772
2013-12-01,MISIONES,.37658224
2013-12-01,NEUQUEN,.37630782
2013-12-01,RIO NEGRO,.40977237
2013-12-01,SALTA,.38026348
2013-12-01,SAN JUAN,.34894049
2013-12-01,SAN LUIS,.36934429
2013-12-01,SANTA CRUZ,.24318433
2013-12-01,SANTA FE,.38201034
2013-12-01,SANTIAGO DEL ESTERO,.39216828
2013-12-01,TIERRA DEL FUEGO,.3921982
2013-12-01,TUCUMAN,.36628309
2014-01-01,BUENOS AIRES,.39471197
2014-01-01,CAPITAL FEDERAL,.39947373
2014-01-01,CATAMARCA,.3897343
2014-01-01,CHACO,.40085903
2014-01-01,CHUBUT,.36568671
2014-01-01,CORDOBA,.39601013
2014-01-01,CORRIENTES,.36555484
2014-01-01,ENTRE RIOS,.39609721
2014-01-01,FORMOSA,.3897531
2014-01-01,JUJUY,.41403648
2014-01-01,LA PAMPA,.42397565
2014-01-01,LA RIOJA,.40420023
2014-01-01,MENDOZA,.38738722
2014-01-01,MISIONES,.37451106
2014-01-01,NEUQUEN,.37232354
2014-01-01,RIO NEGRO,.39373738
2014-01-01,SALTA,.38271734
2014-01-01,SAN JUAN,.34602267
2014-01-01,SAN LUIS,.36753988
2014-01-01,SANTA CRUZ,.24853484
2014-01-01,SANTA FE,.37065247
2014-01-01,SANTIAGO DEL ESTERO,.39082262
2014-01-01,TIERRA DEL FUEGO,.39421913
2014-01-01,TUCUMAN,.3669329
2014-02-01,BUENOS AIRES,.39556822
2014-02-01,CAPITAL FEDERAL,.4002203
2014-02-01,CATAMARCA,.38654876
2014-02-01,CHACO,.40218285
2014-02-01,CHUBUT,.36468688
2014-02-01,CORDOBA,.392811
2014-02-01,CORRIENTES,.36488381
2014-02-01,ENTRE RIOS,.39597687
2014-02-01,FORMOSA,.39118829
2014-02-01,JUJUY,.41550186
2014-02-01,LA PAMPA,.42225713
2014-02-01,LA RIOJA,.39069328
2014-02-01,MENDOZA,.38995403
2014-02-01,MISIONES,.37203717
2014-02-01,NEUQUEN,.37108013
2014-02-01,RIO NEGRO,.39105466
2014-02-01,SALTA,.38524806
2014-02-01,SAN JUAN,.34408325
2014-02-01,SAN LUIS,.36859989
2014-02-01,SANTA CRUZ,.24349414
2014-02-01,SANTA FE,.37187907
2014-02-01,SANTIAGO DEL ESTERO,.39032099
2014-02-01,TIERRA DEL FUEGO,.39530867
2014-02-01,TUCUMAN,.3683798
2014-03-01,BUENOS AIRES,.39389935
2014-03-01,CAPITAL FEDERAL,.40149853
2014-03-01,CATAMARCA,.38474998
2014-03-01,CHACO,.4024452
2014-03-01,CHUBUT,.36531845
2014-03-01,CORDOBA,.35674888
2014-03-01,CORRIENTES,.36403814
2014-03-01,ENTRE RIOS,.39416561
2014-03-01,FORMOSA,.39101323
2014-03-01,JUJUY,.41875243
2014-03-01,LA PAMPA,.41997874
2014-03-01,LA RIOJA,.387703
2014-03-01,MENDOZA,.37558338
2014-03-01,MISIONES,.37232193
2014-03-01,NEUQUEN,.37154546
2014-03-01,RIO NEGRO,.39220241
2014-03-01,SALTA,.38408273
2014-03-01,SAN JUAN,.33893815
2014-03-01,SAN LUIS,.36841592
2014-03-01,SANTA CRUZ,.24186227
2014-03-01,SANTA FE,.37346673
2014-03-01,SANTIAGO DEL ESTERO,.39062718
2014-03-01,TIERRA DEL FUEGO,.39306384
2014-03-01,TUCUMAN,.36700353
2014-04-01,BUENOS AIRES,.39414179
2014-04-01,CAPITAL FEDERAL,.40162155
2014-04-01,CATAMARCA,.38411775
2014-04-01,CHACO,.4025647
2014-04-01,CHUBUT,.36500096
2014-04-01,CORDOBA,.39096838
2014-04-01,CORRIENTES,.36425531
2014-04-01,ENTRE RIOS,.39418092
2014-04-01,FORMOSA,.39132676
2014-04-01,JUJUY,.40621677
2014-04-01,LA PAMPA,.42192203
2014-04-01,LA RIOJA,.39451468
2014-04-01,MENDOZA,.38128066
2014-04-01,MISIONES,.36795351
2014-04-01,NEUQUEN,.37274447
2014-04-01,RIO NEGRO,.40210825
2014-04-01,SALTA,.38704494
2014-04-01,SAN JUAN,.34770197
2014-04-01,SAN LUIS,.36825693
2014-04-01,SANTA CRUZ,.2399295
2014-04-01,SANTA FE,.37823585
2014-04-01,SANTIAGO DEL ESTERO,.39002112
2014-04-01,TIERRA DEL FUEGO,.39198807
2014-04-01,TUCUMAN,.3625395
2014-05-01,BUENOS AIRES,.39489123
2014-05-01,CAPITAL FEDERAL,.40527165
2014-05-01,CATAMARCA,.37819672
2014-05-01,CHACO,.40149695
2014-05-01,CHUBUT,.36551306
2014-05-01,CORDOBA,.38966504
2014-05-01,CORRIENTES,.35809466
2014-05-01,ENTRE RIOS,.39312941
2014-05-01,FORMOSA,.39193478
2014-05-01,JUJUY,.4129059
2014-05-01,LA PAMPA,.42299831
2014-05-01,LA RIOJA,.40217763
2014-05-01,MENDOZA,.38944471
2014-05-01,MISIONES,.36663783
2014-05-01,NEUQUEN,.37563047
2014-05-01,RIO NEGRO,.40468964
2014-05-01,SALTA,.38402656
2014-05-01,SAN JUAN,.35081971
2014-05-01,SAN LUIS,.36807024
2014-05-01,SANTA CRUZ,.23766172
2014-05-01,SANTA FE,.38132605
2014-05-01,SANTIAGO DEL ESTERO,.39100111
2014-05-01,TIERRA DEL FUEGO,.39120337
2014-05-01,TUCUMAN,.35477218
2014-06-01,BUENOS AIRES,.39702123
2014-06-01,CAPITAL FEDERAL,.40607798
2014-06-01,CATAMARCA,.38662806
2014-06-01,CHACO,.40059838
2014-06-01,CHUBUT,.36544839
2014-06-01,CORDOBA,.39263612
2014-06-01,CORRIENTES,.36381537
2014-06-01,ENTRE RIOS,.39346454
2014-06-01,FORMOSA,.38664764
2014-06-01,JUJUY,.41369542
2014-06-01,LA PAMPA,.42312676
2014-06-01,LA RIOJA,.40385056
2014-06-01,MENDOZA,.38487095
2014-06-01,MISIONES,.36553025
2014-06-01,NEUQUEN,.37508667
2014-06-01,RIO NEGRO,.40671226
2014-06-01,SALTA,.38204125
2014-06-01,SAN JUAN,.35293132
2014-06-01,SAN LUIS,.36748061
2014-06-01,SANTA CRUZ,.23614913
2014-06-01,SANTA FE,.38259605
2014-06-01,SANTIAGO DEL ESTERO,.39008793
2014-06-01,TIERRA DEL FUEGO,.39634711
2014-06-01,TUCUMAN,.35269785
2014-07-01,BUENOS AIRES,.3964338
2014-07-01,CAPITAL FEDERAL,.40589091
2014-07-01,CATAMARCA,.38682711
2014-07-01,CHACO,.40042737
2014-07-01,CHUBUT,.36620989
2014-07-01,CORDOBA,.393291
2014-07-01,CORRIENTES,.3638826
2014-07-01,ENTRE RIOS,.39473355
2014-07-01,FORMOSA,.38631475
2014-07-01,JUJUY,.41178048
2014-07-01,LA PAMPA,.4221707
2014-07-01,LA RIOJA,.40398589
2014-07-01,MENDOZA,.38768342
2014-07-01,MISIONES,.36416391
2014-07-01,NEUQUEN,.37445623
2014-07-01,RIO NEGRO,.40373653
2014-07-01,SALTA,.38109845
2014-07-01,SAN JUAN,.35315996
2014-07-01,SAN LUIS,.36729363
2014-07-01,SANTA CRUZ,.23801371
2014-07-01,SANTA FE,.38179022
2014-07-01,SANTIAGO DEL ESTERO,.38883212
2014-07-01,TIERRA DEL FUEGO,.39762414
2014-07-01,TUCUMAN,.35064176
2014-08-01,BUENOS AIRES,.39612365
2014-08-01,CAPITAL FEDERAL,.40613461
2014-08-01,CATAMARCA,.38738972
2014-08-01,CHACO,.40034774
2014-08-01,CHUBUT,.36656097
2014-08-01,CORDOBA,.39464855
2014-08-01,CORRIENTES,.36415446
2014-08-01,ENTRE RIOS,.3965309
2014-08-01,FORMOSA,.38441804
2014-08-01,JUJUY,.4091911
2014-08-01,LA PAMPA,.42178828
2014-08-01,LA RIOJA,.40315428
2014-08-01,MENDOZA,.38975739
2014-08-01,MISIONES,.36637008
2014-08-01,NEUQUEN,.37416711
2014-08-01,RIO NEGRO,.40380529
2014-08-01,SALTA,.38162202
2014-08-01,SAN JUAN,.35251406
2014-08-01,SAN LUIS,.36687601
2014-08-01,SANTA CRUZ,.23784408
2014-08-01,SANTA FE,.38457227
2014-08-01,SANTIAGO DEL ESTERO,.38840821
2014-08-01,TIERRA DEL FUEGO,.39605427
2014-08-01,TUCUMAN,.35341603
2014-09-01,BUENOS AIRES,.39688799
2014-09-01,CAPITAL FEDERAL,.40614384
2014-09-01,CATAMARCA,.38691488
2014-09-01,CHACO,.40259209
2014-09-01,CHUBUT,.36430603
2014-09-01,CORDOBA,.39512569
2014-09-01,CORRIENTES,.3636587
2014-09-01,ENTRE RIOS,.39807898
2014-09-01,FORMOSA,.38533318
2014-09-01,JUJUY,.40784726
2014-09-01,LA PAMPA,.42336586
2014-09-01,LA RIOJA,.40199733
2014-09-01,MENDOZA,.38916537
2014-09-01,MISIONES,.36916938
2014-09-01,NEUQUEN,.37222517
2014-09-01,RIO NEGRO,.40477782
2014-09-01,SALTA,.37913823
2014-09-01,SAN JUAN,.35389557
2014-09-01,SAN LUIS,.3663699
2014-09-01,SANTA CRUZ,.24005368
2014-09-01,SANTA FE,.38571572
2014-09-01,SANTIAGO DEL ESTERO,.38625342
2014-09-01,TIERRA DEL FUEGO,.39212775
2014-09-01,TUCUMAN,.35459146
2014-10-01,BUENOS AIRES,.39793751
2014-10-01,CAPITAL FEDERAL,.40581271
2014-10-01,CATAMARCA,.38544378
2014-10-01,CHACO,.40227416
2014-10-01,CHUBUT,.36413094
2014-10-01,CORDOBA,.39578485
2014-10-01,CORRIENTES,.36397153
2014-10-01,ENTRE RIOS,.39549491
2014-10-01,FORMOSA,.3855423
2014-10-01,JUJUY,.40731865
2014-10-01,LA PAMPA,.42204982
2014-10-01,LA RIOJA,.40420562
2014-10-01,MENDOZA,.38860789
2014-10-01,MISIONES,.3726756
2014-10-01,NEUQUEN,.37025914
2014-10-01,RIO NEGRO,.40316084
2014-10-01,SALTA,.38099611
2014-10-01,SAN JUAN,.35425785
2014-10-01,SAN LUIS,.36688006
2014-10-01,SANTA CRUZ,.24255593
2014-10-01,SANTA FE,.38590604
2014-10-01,SANTIAGO DEL ESTERO,.38691407
2014-10-01,TIERRA DEL FUEGO,.39056665
2014-10-01,TUCUMAN,.35898924
2014-11-01,BUENOS AIRES,.39778572
2014-11-01,CAPITAL FEDERAL,.406133
2014-11-01,CATAMARCA,.38406891
2014-11-01,CHACO,.40553379
2014-11-01,CHUBUT,.36411113
2014-11-01,CORDOBA,.39386496
2014-11-01,CORRIENTES,.36427972
2014-11-01,ENTRE RIOS,.39691281
2014-11-01,FORMOSA,.38590971
2014-11-01,JUJUY,.40891951
2014-11-01,LA PAMPA,.42300341
2014-11-01,LA RIOJA,.40522853
2014-11-01,MENDOZA,.38940495
2014-11-01,MISIONES,.37395459
2014-11-01,NEUQUEN,.36801663
2014-11-01,RIO NEGRO,.40012479
2014-11-01,SALTA,.38100266
2014-11-01,SAN JUAN,.35547668
2014-11-01,SAN LUIS,.36632866
2014-11-01,SANTA CRUZ,.24652906
2014-11-01,SANTA FE,.38560271
2014-11-01,SANTIAGO DEL ESTERO,.38750634
2014-11-01,TIERRA DEL FUEGO,.39019832
2014-11-01,TUCUMAN,.36281762
2014-12-01,BUENOS AIRES,.39728266
2014-12-01,CAPITAL FEDERAL,.40693802
2014-12-01,CATAMARCA,.38601944
2014-12-01,CHACO,.40804982
2014-12-01,CHUBUT,.36661735
2014-12-01,CORDOBA,.3956407
2014-12-01,CORRIENTES,.36489117
2014-12-01,ENTRE RIOS,.39867723
2014-12-01,FORMOSA,.38907257
2014-12-01,JUJUY,.41230389
2014-12-01,LA PAMPA,.42480525
2014-12-01,LA RIOJA,.40861285
2014-12-01,MENDOZA,.39149442
2014-12-01,MISIONES,.37702957
2014-12-01,NEUQUEN,.36933625
2014-12-01,RIO NEGRO,.40431169
2014-12-01,SALTA,.38423374
2014-12-01,SAN JUAN,.35841185
2014-12-01,SAN LUIS,.36425376
2014-12-01,SANTA CRUZ,.24956354
2014-12-01,SANTA FE,.38496986
2014-12-01,SANTIAGO DEL ESTERO,.39026123
2014-12-01,TIERRA DEL FUEGO,.38992721
2014-12-01,TUCUMAN,.36405072
2015-01-01,BUENOS AIRES,.39797899
2015-01-01,CAPITAL FEDERAL,.40470073
2015-01-01,CATAMARCA,.38691828
2015-01-01,CHACO,.40572792
2015-01-01,CHUBUT,.36624062
2015-01-01,CORDOBA,.39789972
2015-01-01,CORRIENTES,.36423725
2015-01-01,ENTRE RIOS,.39803877
2015-01-01,FORMOSA,.39005777
2015-01-01,JUJUY,.41531798
2015-01-01,LA PAMPA,.42207098
2015-01-01,LA RIOJA,.40564477
2015-01-01,MENDOZA,.39039433
2015-01-01,MISIONES,.3725695
2015-01-01,NEUQUEN,.36627397
2015-01-01,RIO NEGRO,.39171213
2015-01-01,SALTA,.38700169
2015-01-01,SAN JUAN,.35223147
2015-01-01,SAN LUIS,.3596341
2015-01-01,SANTA CRUZ,.25209546
2015-01-01,SANTA FE,.38107371
2015-01-01,SANTIAGO DEL ESTERO,.39262706
2015-01-01,TIERRA DEL FUEGO,.38908926
2015-01-01,TUCUMAN,.36306155
2015-02-01,BUENOS AIRES,.39649269
2015-02-01,CAPITAL FEDERAL,.40512511
2015-02-01,CATAMARCA,.38151476
2015-02-01,CHACO,.40607888
2015-02-01,CHUBUT,.36598235
2015-02-01,CORDOBA,.39764765
2015-02-01,CORRIENTES,.36361247
2015-02-01,ENTRE RIOS,.39705777
2015-02-01,FORMOSA,.38800842
2015-02-01,JUJUY,.41808838
2015-02-01,LA PAMPA,.42052415
2015-02-01,LA RIOJA,.38621864
2015-02-01,MENDOZA,.3878119
2015-02-01,MISIONES,.36812738
2015-02-01,NEUQUEN,.36596373
2015-02-01,RIO NEGRO,.38818964
2015-02-01,SALTA,.38793644
2015-02-01,SAN JUAN,.35157824
2015-02-01,SAN LUIS,.35729539
2015-02-01,SANTA CRUZ,.24769226
2015-02-01,SANTA FE,.37563658
2015-02-01,SANTIAGO DEL ESTERO,.39205849
2015-02-01,TIERRA DEL FUEGO,.39095321
2015-02-01,TUCUMAN,.36285466
2015-03-01,BUENOS AIRES,.39450064
2015-03-01,CAPITAL FEDERAL,.40540314
2015-03-01,CATAMARCA,.37904781
2015-03-01,CHACO,.40673947
2015-03-01,CHUBUT,.36372495
2015-03-01,CORDOBA,.39315951
2015-03-01,CORRIENTES,.35986233
2015-03-01,ENTRE RIOS,.39594683
2015-03-01,FORMOSA,.3862091
2015-03-01,JUJUY,.42155388
2015-03-01,LA PAMPA,.41754627
2015-03-01,LA RIOJA,.38176042
2015-03-01,MENDOZA,.37743494
2015-03-01,MISIONES,.36621031
2015-03-01,NEUQUEN,.36511642
2015-03-01,RIO NEGRO,.38883981
2015-03-01,SALTA,.38606215
2015-03-01,SAN JUAN,.35025436
2015-03-01,SAN LUIS,.35708007
2015-03-01,SANTA CRUZ,.24511333
2015-03-01,SANTA FE,.37667531
2015-03-01,SANTIAGO DEL ESTERO,.39279515
2015-03-01,TIERRA DEL FUEGO,.39034066
2015-03-01,TUCUMAN,.3622331
2015-04-01,BUENOS AIRES,.39518848
2015-04-01,CAPITAL FEDERAL,.4052338
2015-04-01,CATAMARCA,.38002488
2015-04-01,CHACO,.40464702
2015-04-01,CHUBUT,.36672089
2015-04-01,CORDOBA,.39273807
2015-04-01,CORRIENTES,.35988346
2015-04-01,ENTRE RIOS,.39662167
2015-04-01,FORMOSA,.38512531
2015-04-01,JUJUY,.41133773
2015-04-01,LA PAMPA,.41824678
2015-04-01,LA RIOJA,.3894712
2015-04-01,MENDOZA,.3792766
2015-04-01,MISIONES,.36413151
2015-04-01,NEUQUEN,.36844841
2015-04-01,RIO NEGRO,.39746475
2015-04-01,SALTA,.38864797
2015-04-01,SAN JUAN,.35020062
2015-04-01,SAN LUIS,.35851201
2015-04-01,SANTA CRUZ,.2426731
2015-04-01,SANTA FE,.3821857
2015-04-01,SANTIAGO DEL ESTERO,.39247397
2015-04-01,TIERRA DEL FUEGO,.3876794
2015-04-01,TUCUMAN,.3591592
2015-05-01,BUENOS AIRES,.39609161
2015-05-01,CAPITAL FEDERAL,.40636477
2015-05-01,CATAMARCA,.38209215
2015-05-01,CHACO,.40493768
2015-05-01,CHUBUT,.36937532
2015-05-01,CORDOBA,.39390609
2015-05-01,CORRIENTES,.35968381
2015-05-01,ENTRE RIOS,.3971878
2015-05-01,FORMOSA,.38505667
2015-05-01,JUJUY,.41710731
2015-05-01,LA PAMPA,.42045534
2015-05-01,LA RIOJA,.39711574
2015-05-01,MENDOZA,.38704854
2015-05-01,MISIONES,.36258647
2015-05-01,NEUQUEN,.37025252
2015-05-01,RIO NEGRO,.39898461
2015-05-01,SALTA,.38957238
2015-05-01,SAN JUAN,.35256869
2015-05-01,SAN LUIS,.35814682
2015-05-01,SANTA CRUZ,.24150066
2015-05-01,SANTA FE,.38466391
2015-05-01,SANTIAGO DEL ESTERO,.39284632
2015-05-01,TIERRA DEL FUEGO,.38780129
2015-05-01,TUCUMAN,.35530427
2015-06-01,BUENOS AIRES,.39751086
2015-06-01,CAPITAL FEDERAL,.40613475
2015-06-01,CATAMARCA,.38527468
2015-06-01,CHACO,.40447077
2015-06-01,CHUBUT,.37006798
2015-06-01,CORDOBA,.39509383
2015-06-01,CORRIENTES,.35867122
2015-06-01,ENTRE RIOS,.39806041
2015-06-01,FORMOSA,.38259473
2015-06-01,JUJUY,.41467318
2015-06-01,LA PAMPA,.4221015
2015-06-01,LA RIOJA,.40106982
2015-06-01,MENDOZA,.38693565
2015-06-01,MISIONES,.36205626
2015-06-01,NEUQUEN,.37037462
2015-06-01,RIO NEGRO,.40299118
2015-06-01,SALTA,.38746899
2015-06-01,SAN JUAN,.35606402
2015-06-01,SAN LUIS,.36271778
2015-06-01,SANTA CRUZ,.24096416
2015-06-01,SANTA FE,.38690284
2015-06-01,SANTIAGO DEL ESTERO,.39351097
2015-06-01,TIERRA DEL FUEGO,.39233762
2015-06-01,TUCUMAN,.35383683
2015-07-01,BUENOS AIRES,.39913216
2015-07-01,CAPITAL FEDERAL,.40599704
2015-07-01,CATAMARCA,.38754132
2015-07-01,CHACO,.40341875
2015-07-01,CHUBUT,.37080991
2015-07-01,CORDOBA,.39617252
2015-07-01,CORRIENTES,.35890752
2015-07-01,ENTRE RIOS,.39943695
2015-07-01,FORMOSA,.3806974
2015-07-01,JUJUY,.41481707
2015-07-01,LA PAMPA,.42169687
2015-07-01,LA RIOJA,.4042387
2015-07-01,MENDOZA,.38344774
2015-07-01,MISIONES,.36142927
2015-07-01,NEUQUEN,.37086841
2015-07-01,RIO NEGRO,.40066612
2015-07-01,SALTA,.38731274
2015-07-01,SAN JUAN,.35419378
2015-07-01,SAN LUIS,.36347261
2015-07-01,SANTA CRUZ,.24426907
2015-07-01,SANTA FE,.3871024
2015-07-01,SANTIAGO DEL ESTERO,.39397502
2015-07-01,TIERRA DEL FUEGO,.39481282
2015-07-01,TUCUMAN,.35166982
2015-08-01,BUENOS AIRES,.40032822
2015-08-01,CAPITAL FEDERAL,.40690914
2015-08-01,CATAMARCA,.38848075
2015-08-01,CHACO,.40391773
2015-08-01,CHUBUT,.37071127
2015-08-01,CORDOBA,.39710587
2015-08-01,CORRIENTES,.35827416
2015-08-01,ENTRE RIOS,.4001506
2015-08-01,FORMOSA,.37907904
2015-08-01,JUJUY,.4139587
2015-08-01,LA PAMPA,.42121527
2015-08-01,LA RIOJA,.40621513
2015-08-01,MENDOZA,.38968006
2015-08-01,MISIONES,.36314514
2015-08-01,NEUQUEN,.36942747
2015-08-01,RIO NEGRO,.40113515
2015-08-01,SALTA,.38896742
2015-08-01,SAN JUAN,.35656834
2015-08-01,SAN LUIS,.36430749
2015-08-01,SANTA CRUZ,.2454049
2015-08-01,SANTA FE,.38804764
2015-08-01,SANTIAGO DEL ESTERO,.3947632
2015-08-01,TIERRA DEL FUEGO,.39501679
2015-08-01,TUCUMAN,.35482422
2015-09-01,BUENOS AIRES,.40030846
2015-09-01,CAPITAL FEDERAL,.40691441
2015-09-01,CATAMARCA,.39015481
2015-09-01,CHACO,.40439591
2015-09-01,CHUBUT,.37084481
2015-09-01,CORDOBA,.39718047
2015-09-01,CORRIENTES,.35816392
2015-09-01,ENTRE RIOS,.4004308
2015-09-01,FORMOSA,.37924418
2015-09-01,JUJUY,.41412055
2015-09-01,LA PAMPA,.42252094
2015-09-01,LA RIOJA,.40795967
2015-09-01,MENDOZA,.38574794
2015-09-01,MISIONES,.36640218
2015-09-01,NEUQUEN,.36900452
2015-09-01,RIO NEGRO,.40150183
2015-09-01,SALTA,.38552535
2015-09-01,SAN JUAN,.3588419
2015-09-01,SAN LUIS,.36407545
2015-09-01,SANTA CRUZ,.24574709
2015-09-01,SANTA FE,.38825274
2015-09-01,SANTIAGO DEL ESTERO,.3951363
2015-09-01,TIERRA DEL FUEGO,.39946476
2015-09-01,TUCUMAN,.35477546
2015-10-01,BUENOS AIRES,.40160364
2015-10-01,CAPITAL FEDERAL,.40729061
2015-10-01,CATAMARCA,.39136615
2015-10-01,CHACO,.40882695
2015-10-01,CHUBUT,.37095684
2015-10-01,CORDOBA,.39795595
2015-10-01,CORRIENTES,.35999924
2015-10-01,ENTRE RIOS,.39940292
2015-10-01,FORMOSA,.38076386
2015-10-01,JUJUY,.41576362
2015-10-01,LA PAMPA,.42335588
2015-10-01,LA RIOJA,.40819398
2015-10-01,MENDOZA,.387108
2015-10-01,MISIONES,.3723962
2015-10-01,NEUQUEN,.37035006
2015-10-01,RIO NEGRO,.40233964
2015-10-01,SALTA,.38536802
2015-10-01,SAN JUAN,.35968581
2015-10-01,SAN LUIS,.3668471
2015-10-01,SANTA CRUZ,.24345842
2015-10-01,SANTA FE,.3897292
2015-10-01,SANTIAGO DEL ESTERO,.39424998
2015-10-01,TIERRA DEL FUEGO,.40051296
2015-10-01,TUCUMAN,.35591891
2015-11-01,BUENOS AIRES,.40307072
2015-11-01,CAPITAL FEDERAL,.40765887
2015-11-01,CATAMARCA,.39094794
2015-11-01,CHACO,.41289824
2015-11-01,CHUBUT,.37016344
2015-11-01,CORDOBA,.39770833
2015-11-01,CORRIENTES,.36117646
2015-11-01,ENTRE RIOS,.40140706
2015-11-01,FORMOSA,.38273317
2015-11-01,JUJUY,.41730076
2015-11-01,LA PAMPA,.42446434
2015-11-01,LA RIOJA,.41001922
2015-11-01,MENDOZA,.38986737
2015-11-01,MISIONES,.37563267
2015-11-01,NEUQUEN,.36905155
2015-11-01,RIO NEGRO,.39930344
2015-11-01,SALTA,.38608888
2015-11-01,SAN JUAN,.36007413
2015-11-01,SAN LUIS,.37044564
2015-11-01,SANTA CRUZ,.24703574
2015-11-01,SANTA FE,.38967642
2015-11-01,SANTIAGO DEL ESTERO,.39485183
2015-11-01,TIERRA DEL FUEGO,.3996748
2015-11-01,TUCUMAN,.36082369
2015-12-01,BUENOS AIRES,.40215644
2015-12-01,CAPITAL FEDERAL,.40865427
2015-12-01,CATAMARCA,.39426547
2015-12-01,CHACO,.41724256
2015-12-01,CHUBUT,.3744179
2015-12-01,CORDOBA,.39855334
2015-12-01,CORRIENTES,.36094168
2015-12-01,ENTRE RIOS,.40562123
2015-12-01,FORMOSA,.38678253
2015-12-01,JUJUY,.4212729
2015-12-01,LA PAMPA,.42518571
2015-12-01,LA RIOJA,.4143019
2015-12-01,MENDOZA,.39032248
2015-12-01,MISIONES,.38161126
2015-12-01,NEUQUEN,.37218538
2015-12-01,RIO NEGRO,.4032951
2015-12-01,SALTA,.38963524
2015-12-01,SAN JUAN,.36616993
2015-12-01,SAN LUIS,.37508687
2015-12-01,SANTA CRUZ,.25129473
2015-12-01,SANTA FE,.38992426
2015-12-01,SANTIAGO DEL ESTERO,.39795893
2015-12-01,TIERRA DEL FUEGO,.40131778
2015-12-01,TUCUMAN,.36353657
2016-01-01,BUENOS AIRES,.40254697
2016-01-01,CAPITAL FEDERAL,.40700847
2016-01-01,CATAMARCA,.39567068
2016-01-01,CHACO,.41747987
2016-01-01,CHUBUT,.37419996
2016-01-01,CORDOBA,.40031829
2016-01-01,CORRIENTES,.36039817
2016-01-01,ENTRE RIOS,.4055523
2016-01-01,FORMOSA,.38908824
2016-01-01,JUJUY,.42345941
2016-01-01,LA PAMPA,.42069098
2016-01-01,LA RIOJA,.41282028
2016-01-01,MENDOZA,.38996965
2016-01-01,MISIONES,.38236237
2016-01-01,NEUQUEN,.37214351
2016-01-01,RIO NEGRO,.39822385
2016-01-01,SALTA,.39380375
2016-01-01,SAN JUAN,.3570475
2016-01-01,SAN LUIS,.37446097
2016-01-01,SANTA CRUZ,.25476852
2016-01-01,SANTA FE,.37911159
2016-01-01,SANTIAGO DEL ESTERO,.39689785
2016-01-01,TIERRA DEL FUEGO,.40115994
2016-01-01,TUCUMAN,.36315271
2016-02-01,BUENOS AIRES,.40249443
2016-02-01,CAPITAL FEDERAL,.4076266
2016-02-01,CATAMARCA,.39391315
2016-02-01,CHACO,.42072651
2016-02-01,CHUBUT,.3749091
2016-02-01,CORDOBA,.39641538
2016-02-01,CORRIENTES,.35871339
2016-02-01,ENTRE RIOS,.4059245
2016-02-01,FORMOSA,.39045626
2016-02-01,JUJUY,.42423928
2016-02-01,LA PAMPA,.41742107
2016-02-01,LA RIOJA,.39210382
2016-02-01,MENDOZA,.38989869
2016-02-01,MISIONES,.37630349
2016-02-01,NEUQUEN,.37124085
2016-02-01,RIO NEGRO,.39201841
2016-02-01,SALTA,.39344117
2016-02-01,SAN JUAN,.35494432
2016-02-01,SAN LUIS,.37591913
2016-02-01,SANTA CRUZ,.25599539
2016-02-01,SANTA FE,.38040039
2016-02-01,SANTIAGO DEL ESTERO,.39689583
2016-02-01,TIERRA DEL FUEGO,.40277222
2016-02-01,TUCUMAN,.36523584
2016-03-01,BUENOS AIRES,.40238193
2016-03-01,CAPITAL FEDERAL,.40752873
2016-03-01,CATAMARCA,.3927047
2016-03-01,CHACO,.41863406
2016-03-01,CHUBUT,.37373811
2016-03-01,CORDOBA,.39803904
2016-03-01,CORRIENTES,.35920694
2016-03-01,ENTRE RIOS,.40549928
2016-03-01,FORMOSA,.39270574
2016-03-01,JUJUY,.42822158
2016-03-01,LA PAMPA,.41336364
2016-03-01,LA RIOJA,.38809067
2016-03-01,MENDOZA,.38106298
2016-03-01,MISIONES,.37345731
2016-03-01,NEUQUEN,.37294793
2016-03-01,RIO NEGRO,.39320046
2016-03-01,SALTA,.39344931
2016-03-01,SAN JUAN,.35701421
2016-03-01,SAN LUIS,.37638038
2016-03-01,SANTA CRUZ,.25684154
2016-03-01,SANTA FE,.38282841
2016-03-01,SANTIAGO DEL ESTERO,.39904273
2016-03-01,TIERRA DEL FUEGO,.40208325
2016-03-01,TUCUMAN,.36253843
2016-04-01,BUENOS AIRES,.40294516
2016-04-01,CAPITAL FEDERAL,.40842563
2016-04-01,CATAMARCA,.39515999
2016-04-01,CHACO,.4172909
2016-04-01,CHUBUT,.37758249
2016-04-01,CORDOBA,.39822453
2016-04-01,CORRIENTES,.36125901
2016-04-01,ENTRE RIOS,.40655342
2016-04-01,FORMOSA,.38900772
2016-04-01,JUJUY,.41730413
2016-04-01,LA PAMPA,.41528043
2016-04-01,LA RIOJA,.40309399
2016-04-01,MENDOZA,.38248235
2016-04-01,MISIONES,.37143698
2016-04-01,NEUQUEN,.37559798
2016-04-01,RIO NEGRO,.40031037
2016-04-01,SALTA,.3957766
2016-04-01,SAN JUAN,.35823706
2016-04-01,SAN LUIS,.37672827
2016-04-01,SANTA CRUZ,.25559059
2016-04-01,SANTA FE,.38871399
2016-04-01,SANTIAGO DEL ESTERO,.39837733
2016-04-01,TIERRA DEL FUEGO,.39973259
2016-04-01,TUCUMAN,.35784569
2016-05-01,BUENOS AIRES,.4043977
2016-05-01,CAPITAL FEDERAL,.40886956
2016-05-01,CATAMARCA,.39773393
2016-05-01,CHACO,.41759813
2016-05-01,CHUBUT,.37968722
2016-05-01,CORDOBA,.39811969
2016-05-01,CORRIENTES,.36254606
2016-05-01,ENTRE RIOS,.40565816
2016-05-01,FORMOSA,.39068782
2016-05-01,JUJUY,.42029464
2016-05-01,LA PAMPA,.41758662
2016-05-01,LA RIOJA,.40909037
2016-05-01,MENDOZA,.38968417
2016-05-01,MISIONES,.37444851
2016-05-01,NEUQUEN,.37777042
2016-05-01,RIO NEGRO,.40490529
2016-05-01,SALTA,.39477465
2016-05-01,SAN JUAN,.36073938
2016-05-01,SAN LUIS,.37865394
2016-05-01,SANTA CRUZ,.25470653
2016-05-01,SANTA FE,.39048016
2016-05-01,SANTIAGO DEL ESTERO,.39998585
2016-05-01,TIERRA DEL FUEGO,.4076646
2016-05-01,TUCUMAN,.35471678
2016-06-01,BUENOS AIRES,.40601531
2016-06-01,CAPITAL FEDERAL,.40963042
2016-06-01,CATAMARCA,.3986758
2016-06-01,CHACO,.41698337
2016-06-01,CHUBUT,.38136065
2016-06-01,CORDOBA,.39975777
2016-06-01,CORRIENTES,.36296603
2016-06-01,ENTRE RIOS,.40725365
2016-06-01,FORMOSA,.39109012
2016-06-01,JUJUY,.42299452
2016-06-01,LA PAMPA,.42004341
2016-06-01,LA RIOJA,.40951306
2016-06-01,MENDOZA,.38967794
2016-06-01,MISIONES,.37641284
2016-06-01,NEUQUEN,.37979388
2016-06-01,RIO NEGRO,.40966514
2016-06-01,SALTA,.39319155
2016-06-01,SAN JUAN,.36251062
2016-06-01,SAN LUIS,.38228408
2016-06-01,SANTA CRUZ,.25427958
2016-06-01,SANTA FE,.39221212
2016-06-01,SANTIAGO DEL ESTERO,.40268514
2016-06-01,TIERRA DEL FUEGO,.40227982
2016-06-01,TUCUMAN,.35403875
2016-07-01,BUENOS AIRES,.40623146
2016-07-01,CAPITAL FEDERAL,.40890262
2016-07-01,CATAMARCA,.39892986
2016-07-01,CHACO,.41638714
2016-07-01,CHUBUT,.38218671
2016-07-01,CORDOBA,.40194243
2016-07-01,CORRIENTES,.3641814
2016-07-01,ENTRE RIOS,.40712866
2016-07-01,FORMOSA,.39212331
2016-07-01,JUJUY,.42209956
2016-07-01,LA PAMPA,.42052633
2016-07-01,LA RIOJA,.41358083
2016-07-01,MENDOZA,.38930362
2016-07-01,MISIONES,.37380525
2016-07-01,NEUQUEN,.38109794
2016-07-01,RIO NEGRO,.40816149
2016-07-01,SALTA,.3934356
2016-07-01,SAN JUAN,.36439723
2016-07-01,SAN LUIS,.38362065
2016-07-01,SANTA CRUZ,.25629961
2016-07-01,SANTA FE,.3923893
2016-07-01,SANTIAGO DEL ESTERO,.40190324
2016-07-01,TIERRA DEL FUEGO,.40588018
2016-07-01,TUCUMAN,.35128912
2016-08-01,BUENOS AIRES,.40553063
2016-08-01,CAPITAL FEDERAL,.40884614
2016-08-01,CATAMARCA,.39895537
2016-08-01,CHACO,.41656318
2016-08-01,CHUBUT,.38071796
2016-08-01,CORDOBA,.40140289
2016-08-01,CORRIENTES,.36492267
2016-08-01,ENTRE RIOS,.40772575
2016-08-01,FORMOSA,.39336663
2016-08-01,JUJUY,.41893053
2016-08-01,LA PAMPA,.42220205
2016-08-01,LA RIOJA,.4125469
2016-08-01,MENDOZA,.39006823
2016-08-01,MISIONES,.37420174
2016-08-01,NEUQUEN,.37996972
2016-08-01,RIO NEGRO,.40772831
2016-08-01,SALTA,.39445975
2016-08-01,SAN JUAN,.36454982
2016-08-01,SAN LUIS,.38425139
2016-08-01,SANTA CRUZ,.25847712
2016-08-01,SANTA FE,.39252701
2016-08-01,SANTIAGO DEL ESTERO,.40148243
2016-08-01,TIERRA DEL FUEGO,.40699068
2016-08-01,TUCUMAN,.35331115
2016-09-01,BUENOS AIRES,.4059853
2016-09-01,CAPITAL FEDERAL,.40899011
2016-09-01,CATAMARCA,.39870191
2016-09-01,CHACO,.41516399
2016-09-01,CHUBUT,.38068178
2016-09-01,CORDOBA,.4023034
2016-09-01,CORRIENTES,.36476406
2016-09-01,ENTRE RIOS,.40701374
2016-09-01,FORMOSA,.39265847
2016-09-01,JUJUY,.41859826
2016-09-01,LA PAMPA,.42460477
2016-09-01,LA RIOJA,.4132798
2016-09-01,MENDOZA,.38899428
2016-09-01,MISIONES,.38071841
2016-09-01,NEUQUEN,.37954298
2016-09-01,RIO NEGRO,.40836117
2016-09-01,SALTA,.39043477
2016-09-01,SAN JUAN,.36367488
2016-09-01,SAN LUIS,.38454637
2016-09-01,SANTA CRUZ,.25919205
2016-09-01,SANTA FE,.39294931
2016-09-01,SANTIAGO DEL ESTERO,.40134549
2016-09-01,TIERRA DEL FUEGO,.40559039
2016-09-01,TUCUMAN,.35485268
2016-10-01,BUENOS AIRES,.40615466
2016-10-01,CAPITAL FEDERAL,.40902331
2016-10-01,CATAMARCA,.39921558
2016-10-01,CHACO,.4163945
2016-10-01,CHUBUT,.37983513
2016-10-01,CORDOBA,.40242869
2016-10-01,CORRIENTES,.36557645
2016-10-01,ENTRE RIOS,.40407449
2016-10-01,FORMOSA,.39399591
2016-10-01,JUJUY,.41806978
2016-10-01,LA PAMPA,.42651775
2016-10-01,LA RIOJA,.41495398
2016-10-01,MENDOZA,.38997731
2016-10-01,MISIONES,.38604888
2016-10-01,NEUQUEN,.38223553
2016-10-01,RIO NEGRO,.40899166
2016-10-01,SALTA,.38962257
2016-10-01,SAN JUAN,.36495945
2016-10-01,SAN LUIS,.38262793
2016-10-01,SANTA CRUZ,.26054719
2016-10-01,SANTA FE,.39246756
2016-10-01,SANTIAGO DEL ESTERO,.40189958
2016-10-01,TIERRA DEL FUEGO,.40227735
2016-10-01,TUCUMAN,.35399956
2016-11-01,BUENOS AIRES,.40594101
2016-11-01,CAPITAL FEDERAL,.40889159
2016-11-01,CATAMARCA,.39799544
2016-11-01,CHACO,.41712013
2016-11-01,CHUBUT,.3786186
2016-11-01,CORDOBA,.4010362
2016-11-01,CORRIENTES,.36556393
2016-11-01,ENTRE RIOS,.40349382
2016-11-01,FORMOSA,.39492214
2016-11-01,JUJUY,.41890803
2016-11-01,LA PAMPA,.425825
2016-11-01,LA RIOJA,.41415402
2016-11-01,MENDOZA,.39050347
2016-11-01,MISIONES,.38533437
2016-11-01,NEUQUEN,.38165417
2016-11-01,RIO NEGRO,.40359303
2016-11-01,SALTA,.38802695
2016-11-01,SAN JUAN,.36529136
2016-11-01,SAN LUIS,.38168162
2016-11-01,SANTA CRUZ,.26283073
2016-11-01,SANTA FE,.39198187
2016-11-01,SANTIAGO DEL ESTERO,.40135479
2016-11-01,TIERRA DEL FUEGO,.40115455
2016-11-01,TUCUMAN,.35964179
2016-12-01,BUENOS AIRES,.40632671
2016-12-01,CAPITAL FEDERAL,.40907899
2016-12-01,CATAMARCA,.39919385
2016-12-01,CHACO,.41722161
2016-12-01,CHUBUT,.38004148
2016-12-01,CORDOBA,.40186298
2016-12-01,CORRIENTES,.36590755
2016-12-01,ENTRE RIOS,.40841624
2016-12-01,FORMOSA,.39508083
2016-12-01,JUJUY,.42183349
2016-12-01,LA PAMPA,.42847487
2016-12-01,LA RIOJA,.41590688
2016-12-01,MENDOZA,.3932623
2016-12-01,MISIONES,.38830674
2016-12-01,NEUQUEN,.38409495
2016-12-01,RIO NEGRO,.40952867
2016-12-01,SALTA,.39200318
2016-12-01,SAN JUAN,.36733413
2016-12-01,SAN LUIS,.38306615
2016-12-01,SANTA CRUZ,.2635881
2016-12-01,SANTA FE,.39151067
2016-12-01,SANTIAGO DEL ESTERO,.40294963
2016-12-01,TIERRA DEL FUEGO,.39995596
2016-12-01,TUCUMAN,.36302915
2017-01-01,BUENOS AIRES,.4047139
2017-01-01,CAPITAL FEDERAL,.40671927
2017-01-01,CATAMARCA,.39641294
2017-01-01,CHACO,.41660455
2017-01-01,CHUBUT,.37899247
2017-01-01,CORDOBA,.4033049
2017-01-01,CORRIENTES,.36568671
2017-01-01,ENTRE RIOS,.4079209
2017-01-01,FORMOSA,.40272939
2017-01-01,JUJUY,.42335951
2017-01-01,LA PAMPA,.42770278
2017-01-01,LA RIOJA,.41092202
2017-01-01,MENDOZA,.39061478
2017-01-01,MISIONES,.38384524
2017-01-01,NEUQUEN,.38202116
2017-01-01,RIO NEGRO,.39934781
2017-01-01,SALTA,.39382052
2017-01-01,SAN JUAN,.3610366
2017-01-01,SAN LUIS,.3780255
2017-01-01,SANTA CRUZ,.26327676
2017-01-01,SANTA FE,.38797805
2017-01-01,SANTIAGO DEL ESTERO,.40087378
2017-01-01,TIERRA DEL FUEGO,.40539458
2017-01-01,TUCUMAN,.36221018
2017-02-01,BUENOS AIRES,.40463257
2017-02-01,CAPITAL FEDERAL,.40719247
2017-02-01,CATAMARCA,.39106429
2017-02-01,CHACO,.41884172
2017-02-01,CHUBUT,.378362
2017-02-01,CORDOBA,.39815784
2017-02-01,CORRIENTES,.36487976
2017-02-01,ENTRE RIOS,.40782818
2017-02-01,FORMOSA,.39796206
2017-02-01,JUJUY,.42529085
2017-02-01,LA PAMPA,.42725831
2017-02-01,LA RIOJA,.38406315
2017-02-01,MENDOZA,.38815737
2017-02-01,MISIONES,.38081455
2017-02-01,NEUQUEN,.3819572
2017-02-01,RIO NEGRO,.39615759
2017-02-01,SALTA,.39324772
2017-02-01,SAN JUAN,.3587634
2017-02-01,SAN LUIS,.38569561
2017-02-01,SANTA CRUZ,.25994378
2017-02-01,SANTA FE,.38155243
2017-02-01,SANTIAGO DEL ESTERO,.40012497
2017-02-01,TIERRA DEL FUEGO,.40560365
2017-02-01,TUCUMAN,.36272764
2017-03-01,BUENOS AIRES,.40265203
2017-03-01,CAPITAL FEDERAL,.40690026
2017-03-01,CATAMARCA,.39009833
2017-03-01,CHACO,.4201625
2017-03-01,CHUBUT,.37219462
2017-03-01,CORDOBA,.39849031
2017-03-01,CORRIENTES,.36378855
2017-03-01,ENTRE RIOS,.40258005
2017-03-01,FORMOSA,.3977704
2017-03-01,JUJUY,.42602479
2017-03-01,LA PAMPA,.42584842
2017-03-01,LA RIOJA,.38222161
2017-03-01,MENDOZA,.38043737
2017-03-01,MISIONES,.37992194
2017-03-01,NEUQUEN,.38170949
2017-03-01,RIO NEGRO,.3977387
2017-03-01,SALTA,.38889927
2017-03-01,SAN JUAN,.35919505
2017-03-01,SAN LUIS,.38805589
2017-03-01,SANTA CRUZ,.2581487
2017-03-01,SANTA FE,.38217971
2017-03-01,SANTIAGO DEL ESTERO,.3985433
2017-03-01,TIERRA DEL FUEGO,.4046278
2017-03-01,TUCUMAN,.3574118
2017-04-01,BUENOS AIRES,.40342179
2017-04-01,CAPITAL FEDERAL,.40745553
2017-04-01,CATAMARCA,.38852245
2017-04-01,CHACO,.41768041
2017-04-01,CHUBUT,.37794513
2017-04-01,CORDOBA,.40042058
2017-04-01,CORRIENTES,.36597049
2017-04-01,ENTRE RIOS,.4057861
2017-04-01,FORMOSA,.39873731
2017-04-01,JUJUY,.41594225
2017-04-01,LA PAMPA,.4290379
2017-04-01,LA RIOJA,.39648268
2017-04-01,MENDOZA,.38474819
2017-04-01,MISIONES,.37556139
2017-04-01,NEUQUEN,.38530344
2017-04-01,RIO NEGRO,.40493295
2017-04-01,SALTA,.3938728
2017-04-01,SAN JUAN,.36025208
2017-04-01,SAN LUIS,.38987574
2017-04-01,SANTA CRUZ,.26019818
2017-04-01,SANTA FE,.38705719
2017-04-01,SANTIAGO DEL ESTERO,.40273902
2017-04-01,TIERRA DEL FUEGO,.4074026
2017-04-01,TUCUMAN,.35325426
2017-05-01,BUENOS AIRES,.40487489
2017-05-01,CAPITAL FEDERAL,.40790421
2017-05-01,CATAMARCA,.39049318
2017-05-01,CHACO,.42977831
2017-05-01,CHUBUT,.37980443
2017-05-01,CORDOBA,.39932814
2017-05-01,CORRIENTES,.36650395
2017-05-01,ENTRE RIOS,.40570998
2017-05-01,FORMOSA,.39747763
2017-05-01,JUJUY,.41571754
2017-05-01,LA PAMPA,.42903274
2017-05-01,LA RIOJA,.39993334
2017-05-01,MENDOZA,.39030227
2017-05-01,MISIONES,.37043849
2017-05-01,NEUQUEN,.38662615
2017-05-01,RIO NEGRO,.40799978
2017-05-01,SALTA,.39234141
2017-05-01,SAN JUAN,.36184412
2017-05-01,SAN LUIS,.39021787
2017-05-01,SANTA CRUZ,.25794733
2017-05-01,SANTA FE,.38963896
2017-05-01,SANTIAGO DEL ESTERO,.40146247
2017-05-01,TIERRA DEL FUEGO,.40891966
2017-05-01,TUCUMAN,.34992027
2017-06-01,BUENOS AIRES,.40606126
2017-06-01,CAPITAL FEDERAL,.40845865
2017-06-01,CATAMARCA,.39150548
2017-06-01,CHACO,.4189423
2017-06-01,CHUBUT,.38116878
2017-06-01,CORDOBA,.39963236
2017-06-01,CORRIENTES,.36590004
2017-06-01,ENTRE RIOS,.40518045
2017-06-01,FORMOSA,.39618352
2017-06-01,JUJUY,.41870594
2017-06-01,LA PAMPA,.42929035
2017-06-01,LA RIOJA,.40589371
2017-06-01,MENDOZA,.39065236
2017-06-01,MISIONES,.3713578
2017-06-01,NEUQUEN,.38692418
2017-06-01,RIO NEGRO,.41432095
2017-06-01,SALTA,.39081204
2017-06-01,SAN JUAN,.36314401
2017-06-01,SAN LUIS,.39027503
2017-06-01,SANTA CRUZ,.25798461
2017-06-01,SANTA FE,.39078143
2017-06-01,SANTIAGO DEL ESTERO,.40232563
2017-06-01,TIERRA DEL FUEGO,.41320392
2017-06-01,TUCUMAN,.3496002
2017-07-01,BUENOS AIRES,.40597856
2017-07-01,CAPITAL FEDERAL,.40816152
2017-07-01,CATAMARCA,.3930082
2017-07-01,CHACO,.41663638
2017-07-01,CHUBUT,.38213673
2017-07-01,CORDOBA,.40065831
2017-07-01,CORRIENTES,.36618498
2017-07-01,ENTRE RIOS,.40892935
2017-07-01,FORMOSA,.39551908
2017-07-01,JUJUY,.41953677
2017-07-01,LA PAMPA,.43010134
2017-07-01,LA RIOJA,.40868825
2017-07-01,MENDOZA,.38953781
2017-07-01,MISIONES,.37233907
2017-07-01,NEUQUEN,.38779896
2017-07-01,RIO NEGRO,.41209012
2017-07-01,SALTA,.39107525
2017-07-01,SAN JUAN,.36319095
2017-07-01,SAN LUIS,.39326072
2017-07-01,SANTA CRUZ,.25957003
2017-07-01,SANTA FE,.39136907
2017-07-01,SANTIAGO DEL ESTERO,.40130728
2017-07-01,TIERRA DEL FUEGO,.41263014
2017-07-01,TUCUMAN,.34875292
2017-08-01,BUENOS AIRES,.40609187
2017-08-01,CAPITAL FEDERAL,.40841028
2017-08-01,CATAMARCA,.39340407
2017-08-01,CHACO,.41949323
2017-08-01,CHUBUT,.38124055
2017-08-01,CORDOBA,.400132
2017-08-01,CORRIENTES,.36620405
2017-08-01,ENTRE RIOS,.40878808
2017-08-01,FORMOSA,.39362675
2017-08-01,JUJUY,.41796058
2017-08-01,LA PAMPA,.42926759
2017-08-01,LA RIOJA,.41090947
2017-08-01,MENDOZA,.39094183
2017-08-01,MISIONES,.37743017
2017-08-01,NEUQUEN,.38733351
2017-08-01,RIO NEGRO,.41193232
2017-08-01,SALTA,.39280856
2017-08-01,SAN JUAN,.36297131
2017-08-01,SAN LUIS,.39385435
2017-08-01,SANTA CRUZ,.26093641
2017-08-01,SANTA FE,.39141753
2017-08-01,SANTIAGO DEL ESTERO,.39992994
2017-08-01,TIERRA DEL FUEGO,.41173506
2017-08-01,TUCUMAN,.35226902
2017-09-01,BUENOS AIRES,.40586951
2017-09-01,CAPITAL FEDERAL,.4081963
2017-09-01,CATAMARCA,.39622298
2017-09-01,CHACO,.41768128
2017-09-01,CHUBUT,.37905887
2017-09-01,CORDOBA,.39955956
2017-09-01,CORRIENTES,.36588091
2017-09-01,ENTRE RIOS,.4083446
2017-09-01,FORMOSA,.39372334
2017-09-01,JUJUY,.41551337
2017-09-01,LA PAMPA,.43248051
2017-09-01,LA RIOJA,.41216844
2017-09-01,MENDOZA,.39105204
2017-09-01,MISIONES,.38615173
2017-09-01,NEUQUEN,.38613164
2017-09-01,RIO NEGRO,.41207892
2017-09-01,SALTA,.38953206
2017-09-01,SAN JUAN,.36161453
2017-09-01,SAN LUIS,.39423349
2017-09-01,SANTA CRUZ,.26104745
2017-09-01,SANTA FE,.39214048
2017-09-01,SANTIAGO DEL ESTERO,.39909899
2017-09-01,TIERRA DEL FUEGO,.4078345
2017-09-01,TUCUMAN,.3506175
2017-10-01,BUENOS AIRES,.40578219
2017-10-01,CAPITAL FEDERAL,.40840855
2017-10-01,CATAMARCA,.39537451
2017-10-01,CHACO,.41914132
2017-10-01,CHUBUT,.37871662
2017-10-01,CORDOBA,.39983109
2017-10-01,CORRIENTES,.36545426
2017-10-01,ENTRE RIOS,.40629128
2017-10-01,FORMOSA,.39577147
2017-10-01,JUJUY,.4159551
2017-10-01,LA PAMPA,.43229666
2017-10-01,LA RIOJA,.41277868
2017-10-01,MENDOZA,.39147866
2017-10-01,MISIONES,.39130601
2017-10-01,NEUQUEN,.38446718
2017-10-01,RIO NEGRO,.41146767
2017-10-01,SALTA,.38961589
2017-10-01,SAN JUAN,.36419395
2017-10-01,SAN LUIS,.39400807
2017-10-01,SANTA CRUZ,.26304734
2017-10-01,SANTA FE,.39253163
2017-10-01,SANTIAGO DEL ESTERO,.39815342
2017-10-01,TIERRA DEL FUEGO,.40597203
2017-10-01,TUCUMAN,.35117206
2017-11-01,BUENOS AIRES,.40577912
2017-11-01,CAPITAL FEDERAL,.4086374
2017-11-01,CATAMARCA,.39437488
2017-11-01,CHACO,.42147514
2017-11-01,CHUBUT,.37772721
2017-11-01,CORDOBA,.39812246
2017-11-01,CORRIENTES,.36697787
2017-11-01,ENTRE RIOS,.40722206
2017-11-01,FORMOSA,.39685068
2017-11-01,JUJUY,.41621599
2017-11-01,LA PAMPA,.43275383
2017-11-01,LA RIOJA,.41245246
2017-11-01,MENDOZA,.39212883
2017-11-01,MISIONES,.39093533
2017-11-01,NEUQUEN,.38177383
2017-11-01,RIO NEGRO,.40732867
2017-11-01,SALTA,.38811231
2017-11-01,SAN JUAN,.36455542
2017-11-01,SAN LUIS,.39538074
2017-11-01,SANTA CRUZ,.26570791
2017-11-01,SANTA FE,.39148533
2017-11-01,SANTIAGO DEL ESTERO,.39798936
2017-11-01,TIERRA DEL FUEGO,.40462384
2017-11-01,TUCUMAN,.35532001
2017-12-01,BUENOS AIRES,.40671802
2017-12-01,CAPITAL FEDERAL,.40935284
2017-12-01,CATAMARCA,.39929095
2017-12-01,CHACO,.42437035
2017-12-01,CHUBUT,.38029143
2017-12-01,CORDOBA,.39931405
2017-12-01,CORRIENTES,.36706865
2017-12-01,ENTRE RIOS,.40863547
2017-12-01,FORMOSA,.39933327
2017-12-01,JUJUY,.42240915
2017-12-01,LA PAMPA,.43297762
2017-12-01,LA RIOJA,.41402864
2017-12-01,MENDOZA,.39438593
2017-12-01,MISIONES,.39159667
2017-12-01,NEUQUEN,.38373783
2017-12-01,RIO NEGRO,.4101446
2017-12-01,SALTA,.39103985
2017-12-01,SAN JUAN,.36536366
2017-12-01,SAN LUIS,.39665517
2017-12-01,SANTA CRUZ,.26861981
2017-12-01,SANTA FE,.39112526
2017-12-01,SANTIAGO DEL ESTERO,.39921537
2017-12-01,TIERRA DEL FUEGO,.40596268
2017-12-01,TUCUMAN,.35721135
2018-01-01,BUENOS AIRES,.40673941
2018-01-01,CAPITAL FEDERAL,.40712363
2018-01-01,CATAMARCA,.39774039
2018-01-01,CHACO,.42296803
2018-01-01,CHUBUT,.37810677
2018-01-01,CORDOBA,.40083301
2018-01-01,CORRIENTES,.36485159
2018-01-01,ENTRE RIOS,.41148242
2018-01-01,FORMOSA,.39812344
2018-01-01,JUJUY,.42273849
2018-01-01,LA PAMPA,.43149164
2018-01-01,LA RIOJA,.41438121
2018-01-01,MENDOZA,.39221337
2018-01-01,MISIONES,.38923576
2018-01-01,NEUQUEN,.386668
2018-01-01,RIO NEGRO,.40100405
2018-01-01,SALTA,.39444467
2018-01-01,SAN JUAN,.36053142
2018-01-01,SAN LUIS,.39490694
2018-01-01,SANTA CRUZ,.26489812
2018-01-01,SANTA FE,.38617456
2018-01-01,SANTIAGO DEL ESTERO,.39719522
2018-01-01,TIERRA DEL FUEGO,.40523148
2018-01-01,TUCUMAN,.35621387
2018-02-01,BUENOS AIRES,.40552342
2018-02-01,CAPITAL FEDERAL,.40755841
2018-02-01,CATAMARCA,.39353156
2018-02-01,CHACO,.42321679
2018-02-01,CHUBUT,.37947655
2018-02-01,CORDOBA,.39550099
2018-02-01,CORRIENTES,.36399531
2018-02-01,ENTRE RIOS,.41067037
2018-02-01,FORMOSA,.40076032
2018-02-01,JUJUY,.42440441
2018-02-01,LA PAMPA,.42752641
2018-02-01,LA RIOJA,.39803821
2018-02-01,MENDOZA,.38881442
2018-02-01,MISIONES,.3826448
2018-02-01,NEUQUEN,.37849954
2018-02-01,RIO NEGRO,.39769948
2018-02-01,SALTA,.3955625
2018-02-01,SAN JUAN,.35951045
2018-02-01,SAN LUIS,.39424154
2018-02-01,SANTA CRUZ,.26654106
2018-02-01,SANTA FE,.38152564
2018-02-01,SANTIAGO DEL ESTERO,.39748785
2018-02-01,TIERRA DEL FUEGO,.40484005
2018-02-01,TUCUMAN,.35867718
2018-03-01,BUENOS AIRES,.40373206
2018-03-01,CAPITAL FEDERAL,.40766984
2018-03-01,CATAMARCA,.39402118
2018-03-01,CHACO,.40830097
2018-03-01,CHUBUT,.38031703
2018-03-01,CORDOBA,.39593586
2018-03-01,CORRIENTES,.36170226
2018-03-01,ENTRE RIOS,.40639868
2018-03-01,FORMOSA,.39832464
2018-03-01,JUJUY,.42750627
2018-03-01,LA PAMPA,.42583188
2018-03-01,LA RIOJA,.39598864
2018-03-01,MENDOZA,.38165277
2018-03-01,MISIONES,.37963495
2018-03-01,NEUQUEN,.37770873
2018-03-01,RIO NEGRO,.40002197
2018-03-01,SALTA,.39370087
2018-03-01,SAN JUAN,.35969925
2018-03-01,SAN LUIS,.39574897
2018-03-01,SANTA CRUZ,.26608709
2018-03-01,SANTA FE,.38342342
2018-03-01,SANTIAGO DEL ESTERO,.39580593
2018-03-01,TIERRA DEL FUEGO,.39988363
2018-03-01,TUCUMAN,.35666928
2018-04-01,BUENOS AIRES,.40466431
2018-04-01,CAPITAL FEDERAL,.40858594
2018-04-01,CATAMARCA,.39435428
2018-04-01,CHACO,.41138241
2018-04-01,CHUBUT,.38361132
2018-04-01,CORDOBA,.39710194
2018-04-01,CORRIENTES,.36328965
2018-04-01,ENTRE RIOS,.4082543
2018-04-01,FORMOSA,.41164121
2018-04-01,JUJUY,.41435656
2018-04-01,LA PAMPA,.42665327
2018-04-01,LA RIOJA,.40691569
2018-04-01,MENDOZA,.38438335
2018-04-01,MISIONES,.37440389
2018-04-01,NEUQUEN,.37938023
2018-04-01,RIO NEGRO,.40584269
2018-04-01,SALTA,.39460897
2018-04-01,SAN JUAN,.35924384
2018-04-01,SAN LUIS,.40873292
2018-04-01,SANTA CRUZ,.26721776
2018-04-01,SANTA FE,.38765293
2018-04-01,SANTIAGO DEL ESTERO,.39686859
2018-04-01,TIERRA DEL FUEGO,.40167558
2018-04-01,TUCUMAN,.35369313
2018-05-01,BUENOS AIRES,.40520069
2018-05-01,CAPITAL FEDERAL,.40868625
2018-05-01,CATAMARCA,.39600003
2018-05-01,CHACO,.42356071
2018-05-01,CHUBUT,.38681597
2018-05-01,CORDOBA,.39820072
2018-05-01,CORRIENTES,.36469796
2018-05-01,ENTRE RIOS,.4092316
2018-05-01,FORMOSA,.39831731
2018-05-01,JUJUY,.4169381
2018-05-01,LA PAMPA,.42921492
2018-05-01,LA RIOJA,.41172853
2018-05-01,MENDOZA,.39194703
2018-05-01,MISIONES,.37351587
2018-05-01,NEUQUEN,.38062316
2018-05-01,RIO NEGRO,.41080633
2018-05-01,SALTA,.39358374
2018-05-01,SAN JUAN,.3634643
2018-05-01,SAN LUIS,.41084686
2018-05-01,SANTA CRUZ,.26374292
2018-05-01,SANTA FE,.39219281
2018-05-01,SANTIAGO DEL ESTERO,.3983891
2018-05-01,TIERRA DEL FUEGO,.40181157
2018-05-01,TUCUMAN,.35066864
2018-06-01,BUENOS AIRES,.40640038
2018-06-01,CAPITAL FEDERAL,.40820509
2018-06-01,CATAMARCA,.39883569
2018-06-01,CHACO,.42392334
2018-06-01,CHUBUT,.38782725
2018-06-01,CORDOBA,.40040123
2018-06-01,CORRIENTES,.36569515
2018-06-01,ENTRE RIOS,.41238743
2018-06-01,FORMOSA,.40641686
2018-06-01,JUJUY,.41893816
2018-06-01,LA PAMPA,.43129176
2018-06-01,LA RIOJA,.41637027
2018-06-01,MENDOZA,.3920311
2018-06-01,MISIONES,.37698027
2018-06-01,NEUQUEN,.38189825
2018-06-01,RIO NEGRO,.41654667
2018-06-01,SALTA,.39547342
2018-06-01,SAN JUAN,.36689559
2018-06-01,SAN LUIS,.41311195
2018-06-01,SANTA CRUZ,.26297706
2018-06-01,SANTA FE,.39222807
2018-06-01,SANTIAGO DEL ESTERO,.40131074
2018-06-01,TIERRA DEL FUEGO,.40439573
2018-06-01,TUCUMAN,.35148987
2018-07-01,BUENOS AIRES,.40781334
2018-07-01,CAPITAL FEDERAL,.40829301
2018-07-01,CATAMARCA,.39878416
2018-07-01,CHACO,.42618799
2018-07-01,CHUBUT,.38669723
2018-07-01,CORDOBA,.40053278
2018-07-01,CORRIENTES,.36716542
2018-07-01,ENTRE RIOS,.41005832
2018-07-01,FORMOSA,.40083906
2018-07-01,JUJUY,.41890842
2018-07-01,LA PAMPA,.43152305
2018-07-01,LA RIOJA,.416345
2018-07-01,MENDOZA,.39036295
2018-07-01,MISIONES,.37660843
2018-07-01,NEUQUEN,.38262004
2018-07-01,RIO NEGRO,.41300216
2018-07-01,SALTA,.39558309
2018-07-01,SAN JUAN,.36871204
2018-07-01,SAN LUIS,.41604099
2018-07-01,SANTA CRUZ,.26673511
2018-07-01,SANTA FE,.39152244
2018-07-01,SANTIAGO DEL ESTERO,.40200418
2018-07-01,TIERRA DEL FUEGO,.40481681
2018-07-01,TUCUMAN,.34623548
2018-08-01,BUENOS AIRES,.40879691
2018-08-01,CAPITAL FEDERAL,.40874392
2018-08-01,CATAMARCA,.40056866
2018-08-01,CHACO,.42676616
2018-08-01,CHUBUT,.38448283
2018-08-01,CORDOBA,.40121707
2018-08-01,CORRIENTES,.36774302
2018-08-01,ENTRE RIOS,.4119899
2018-08-01,FORMOSA,.40045539
2018-08-01,JUJUY,.41817528
2018-08-01,LA PAMPA,.43007502
2018-08-01,LA RIOJA,.41705003
2018-08-01,MENDOZA,.39153773
2018-08-01,MISIONES,.38133204
2018-08-01,NEUQUEN,.38150483
2018-08-01,RIO NEGRO,.41352403
2018-08-01,SALTA,.39527223
2018-08-01,SAN JUAN,.37004712
2018-08-01,SAN LUIS,.41757718
2018-08-01,SANTA CRUZ,.26480222
2018-08-01,SANTA FE,.39060035
2018-08-01,SANTIAGO DEL ESTERO,.40279225
2018-08-01,TIERRA DEL FUEGO,.40422618
2018-08-01,TUCUMAN,.34104624
2018-09-01,BUENOS AIRES,.40864787
2018-09-01,CAPITAL FEDERAL,.40935048
2018-09-01,CATAMARCA,.4026008
2018-09-01,CHACO,.42820138
2018-09-01,CHUBUT,.38226432
2018-09-01,CORDOBA,.40318054
2018-09-01,CORRIENTES,.36988047
2018-09-01,ENTRE RIOS,.41284096
2018-09-01,FORMOSA,.40244555
2018-09-01,JUJUY,.41854376
2018-09-01,LA PAMPA,.43170691
2018-09-01,LA RIOJA,.41964096
2018-09-01,MENDOZA,.39230388
2018-09-01,MISIONES,.38957074
2018-09-01,NEUQUEN,.38188392
2018-09-01,RIO NEGRO,.41469875
2018-09-01,SALTA,.39334679
2018-09-01,SAN JUAN,.36865407
2018-09-01,SAN LUIS,.41775796
2018-09-01,SANTA CRUZ,.26637572
2018-09-01,SANTA FE,.39222091
2018-09-01,SANTIAGO DEL ESTERO,.40404069
2018-09-01,TIERRA DEL FUEGO,.40333775
2018-09-01,TUCUMAN,.34561175
2018-10-01,BUENOS AIRES,.40942365
2018-10-01,CAPITAL FEDERAL,.40946767
2018-10-01,CATAMARCA,.40298605
2018-10-01,CHACO,.42891574
2018-10-01,CHUBUT,.38217175
2018-10-01,CORDOBA,.40467903
2018-10-01,CORRIENTES,.37007481
2018-10-01,ENTRE RIOS,.40903208
2018-10-01,FORMOSA,.40406013
2018-10-01,JUJUY,.41774321
2018-10-01,LA PAMPA,.4322764
2018-10-01,LA RIOJA,.41964403
2018-10-01,MENDOZA,.39230511
2018-10-01,MISIONES,.39641652
2018-10-01,NEUQUEN,.38108695
2018-10-01,RIO NEGRO,.41315868
2018-10-01,SALTA,.39195707
2018-10-01,SAN JUAN,.37214103
2018-10-01,SAN LUIS,.4186008
2018-10-01,SANTA CRUZ,.26698864
2018-10-01,SANTA FE,.39261824
2018-10-01,SANTIAGO DEL ESTERO,.40466878
2018-10-01,TIERRA DEL FUEGO,.40225112
2018-10-01,TUCUMAN,.35082373
2018-11-01,BUENOS AIRES,.40935174
2018-11-01,CAPITAL FEDERAL,.40957329
2018-11-01,CATAMARCA,.40150693
2018-11-01,CHACO,.43002644
2018-11-01,CHUBUT,.38461781
2018-11-01,CORDOBA,.40450552
2018-11-01,CORRIENTES,.3717739
2018-11-01,ENTRE RIOS,.40926281
2018-11-01,FORMOSA,.40504193
2018-11-01,JUJUY,.41743594
2018-11-01,LA PAMPA,.43277317
2018-11-01,LA RIOJA,.4211598
2018-11-01,MENDOZA,.39302784
2018-11-01,MISIONES,.39689696
2018-11-01,NEUQUEN,.3791298
2018-11-01,RIO NEGRO,.40897277
2018-11-01,SALTA,.39235422
2018-11-01,SAN JUAN,.37266585
2018-11-01,SAN LUIS,.41941419
2018-11-01,SANTA CRUZ,.26815793
2018-11-01,SANTA FE,.39336985
2018-11-01,SANTIAGO DEL ESTERO,.40457937
2018-11-01,TIERRA DEL FUEGO,.40245813
2018-11-01,TUCUMAN,.35340509
2018-12-01,BUENOS AIRES,.40970728
2018-12-01,CAPITAL FEDERAL,.41056898
2018-12-01,CATAMARCA,.40419674
2018-12-01,CHACO,.43118086
2018-12-01,CHUBUT,.38537881
2018-12-01,CORDOBA,.40537947
2018-12-01,CORRIENTES,.37308422
2018-12-01,ENTRE RIOS,.41528293
2018-12-01,FORMOSA,.34230226
2018-12-01,JUJUY,.42251796
2018-12-01,LA PAMPA,.43403691
2018-12-01,LA RIOJA,.4229652
2018-12-01,MENDOZA,.3948682
2018-12-01,MISIONES,.39766249
2018-12-01,NEUQUEN,.37907076
2018-12-01,RIO NEGRO,.41334048
2018-12-01,SALTA,.39462632
2018-12-01,SAN JUAN,.37446827
2018-12-01,SAN LUIS,.42051712
2018-12-01,SANTA CRUZ,.2691288
2018-12-01,SANTA FE,.39318895
2018-12-01,SANTIAGO DEL ESTERO,.40772858
2018-12-01,TIERRA DEL FUEGO,.40267259
2018-12-01,TUCUMAN,.35953683
2019-01-01,BUENOS AIRES,.40767843
2019-01-01,CAPITAL FEDERAL,.40827769
2019-01-01,CATAMARCA,.40171397
2019-01-01,CHACO,.4306325
2019-01-01,CHUBUT,.38261747
2019-01-01,CORDOBA,.40534961
2019-01-01,CORRIENTES,.37205571
2019-01-01,ENTRE RIOS,.41640052
2019-01-01,FORMOSA,.40618539
2019-01-01,JUJUY,.42345634
2019-01-01,LA PAMPA,.43161291
2019-01-01,LA RIOJA,.41892499
2019-01-01,MENDOZA,.39359999
2019-01-01,MISIONES,.39525002
2019-01-01,NEUQUEN,.37645966
2019-01-01,RIO NEGRO,.40117523
2019-01-01,SALTA,.39591238
2019-01-01,SAN JUAN,.36651152
2019-01-01,SAN LUIS,.41641697
2019-01-01,SANTA CRUZ,.2629506
2019-01-01,SANTA FE,.38938877
2019-01-01,SANTIAGO DEL ESTERO,.4041824
2019-01-01,TIERRA DEL FUEGO,.4031851
2019-01-01,TUCUMAN,.35835147
2019-02-01,BUENOS AIRES,.40780506
2019-02-01,CAPITAL FEDERAL,.40815949
2019-02-01,CATAMARCA,.39723054
2019-02-01,CHACO,.43242863
2019-02-01,CHUBUT,.38341755
2019-02-01,CORDOBA,.40241045
2019-02-01,CORRIENTES,.36972085
2019-02-01,ENTRE RIOS,.41630399
2019-02-01,FORMOSA,.40474454
2019-02-01,JUJUY,.42839837
2019-02-01,LA PAMPA,.42969805
2019-02-01,LA RIOJA,.39606214
2019-02-01,MENDOZA,.39023304
2019-02-01,MISIONES,.38816839
2019-02-01,NEUQUEN,.37495464
2019-02-01,RIO NEGRO,.39680463
2019-02-01,SALTA,.39499116
2019-02-01,SAN JUAN,.36721861
2019-02-01,SAN LUIS,.41539356
2019-02-01,SANTA CRUZ,.25986171
2019-02-01,SANTA FE,.38352934
2019-02-01,SANTIAGO DEL ESTERO,.40324497
2019-02-01,TIERRA DEL FUEGO,.40414566
2019-02-01,TUCUMAN,.359745
2019-03-01,BUENOS AIRES,.4063977
2019-03-01,CAPITAL FEDERAL,.40917724
2019-03-01,CATAMARCA,.39784029
2019-03-01,CHACO,.42022714
2019-03-01,CHUBUT,.38211125
2019-03-01,CORDOBA,.40472287
2019-03-01,CORRIENTES,.3677136
2019-03-01,ENTRE RIOS,.41060975
2019-03-01,FORMOSA,.40356362
2019-03-01,JUJUY,.42601168
2019-03-01,LA PAMPA,.42716157
2019-03-01,LA RIOJA,.40011856
2019-03-01,MENDOZA,.38275895
2019-03-01,MISIONES,.38563007
2019-03-01,NEUQUEN,.37251183
2019-03-01,RIO NEGRO,.39851439
2019-03-01,SALTA,.39144418
2019-03-01,SAN JUAN,.36589044
2019-03-01,SAN LUIS,.41575211
2019-03-01,SANTA CRUZ,.26040921
2019-03-01,SANTA FE,.38580117
2019-03-01,SANTIAGO DEL ESTERO,.40405899
2019-03-01,TIERRA DEL FUEGO,.40399784
2019-03-01,TUCUMAN,.35369107
2019-04-01,BUENOS AIRES,.40789935
2019-04-01,CAPITAL FEDERAL,.40978304
2019-04-01,CATAMARCA,.39934182
2019-04-01,CHACO,.43214661
2019-04-01,CHUBUT,.38614464
2019-04-01,CORDOBA,.40532681
2019-04-01,CORRIENTES,.3686507
2019-04-01,ENTRE RIOS,.41311255
2019-04-01,FORMOSA,.40571988
2019-04-01,JUJUY,.41943982
2019-04-01,LA PAMPA,.43052235
2019-04-01,LA RIOJA,.40875244
2019-04-01,MENDOZA,.38252467
2019-04-01,MISIONES,.38299078
2019-04-01,NEUQUEN,.37607986
2019-04-01,RIO NEGRO,.40786946
2019-04-01,SALTA,.39375859
2019-04-01,SAN JUAN,.36678791
2019-04-01,SAN LUIS,.413939
2019-04-01,SANTA CRUZ,.2605131
2019-04-01,SANTA FE,.39130893
2019-04-01,SANTIAGO DEL ESTERO,.40502349
2019-04-01,TIERRA DEL FUEGO,.40684888
2019-04-01,TUCUMAN,.35397187
2019-05-01,BUENOS AIRES,.40904379
2019-05-01,CAPITAL FEDERAL,.41036415
2019-05-01,CATAMARCA,.40168342
2019-05-01,CHACO,.43364102
2019-05-01,CHUBUT,.3892163
2019-05-01,CORDOBA,.40680745
2019-05-01,CORRIENTES,.37030363
2019-05-01,ENTRE RIOS,.41355759
2019-05-01,FORMOSA,.40614071
2019-05-01,JUJUY,.41935375
2019-05-01,LA PAMPA,.43245563
2019-05-01,LA RIOJA,.41248718
2019-05-01,MENDOZA,.39021963
2019-05-01,MISIONES,.38127631
2019-05-01,NEUQUEN,.32631305
2019-05-01,RIO NEGRO,.42658499
2019-05-01,SALTA,.39334282
2019-05-01,SAN JUAN,.37163082
2019-05-01,SAN LUIS,.41188785
2019-05-01,SANTA CRUZ,.25891998
2019-05-01,SANTA FE,.39216006
2019-05-01,SANTIAGO DEL ESTERO,.40609416
2019-05-01,TIERRA DEL FUEGO,.40972188
2019-05-01,TUCUMAN,.35269931
2019-06-01,BUENOS AIRES,.41113552
2019-06-01,CAPITAL FEDERAL,.41151637
2019-06-01,CATAMARCA,.4066931
2019-06-01,CHACO,.43277726
2019-06-01,CHUBUT,.38922039
2019-06-01,CORDOBA,.40808895
2019-06-01,CORRIENTES,.37226605
2019-06-01,ENTRE RIOS,.41558975
2019-06-01,FORMOSA,.40558517
2019-06-01,JUJUY,.4216992
2019-06-01,LA PAMPA,.43235576
2019-06-01,LA RIOJA,.42095107
2019-06-01,MENDOZA,.39098218
2019-06-01,MISIONES,.38474926
2019-06-01,NEUQUEN,.37920257
2019-06-01,RIO NEGRO,.41664463
2019-06-01,SALTA,.39312011
2019-06-01,SAN JUAN,.37471092
2019-06-01,SAN LUIS,.4136664
2019-06-01,SANTA CRUZ,.25548711
2019-06-01,SANTA FE,.39443198
2019-06-01,SANTIAGO DEL ESTERO,.40847179
2019-06-01,TIERRA DEL FUEGO,.4130272
2019-06-01,TUCUMAN,.349374
2019-07-01,BUENOS AIRES,.41120872
2019-07-01,CAPITAL FEDERAL,.41183993
2019-07-01,CATAMARCA,.40655482
2019-07-01,CHACO,.43452388
2019-07-01,CHUBUT,.38688141
2019-07-01,CORDOBA,.40911558
2019-07-01,CORRIENTES,.36878502
2019-07-01,ENTRE RIOS,.41398689
2019-07-01,FORMOSA,.4057734
2019-07-01,JUJUY,.42071062
2019-07-01,LA PAMPA,.43210077
2019-07-01,LA RIOJA,.4220739
2019-07-01,MENDOZA,.3900089
2019-07-01,MISIONES,.38452601
2019-07-01,NEUQUEN,.38042551
2019-07-01,RIO NEGRO,.41364795
2019-07-01,SALTA,.39148524
2019-07-01,SAN JUAN,.37660128
2019-07-01,SAN LUIS,.4144311
2019-07-01,SANTA CRUZ,.25883493
2019-07-01,SANTA FE,.39492846
2019-07-01,SANTIAGO DEL ESTERO,.40863949
2019-07-01,TIERRA DEL FUEGO,.41554821
2019-07-01,TUCUMAN,.3474443
2019-08-01,BUENOS AIRES,.41196424
2019-08-01,CAPITAL FEDERAL,.41300067
2019-08-01,CATAMARCA,.4067646
2019-08-01,CHACO,.43640485
2019-08-01,CHUBUT,.38661927
2019-08-01,CORDOBA,.40972835
2019-08-01,CORRIENTES,.36865073
2019-08-01,ENTRE RIOS,.41626084
2019-08-01,FORMOSA,.40677723
2019-08-01,JUJUY,.41883543
2019-08-01,LA PAMPA,.4330878
2019-08-01,LA RIOJA,.42351362
2019-08-01,MENDOZA,.39228374
2019-08-01,MISIONES,.36355188
2019-08-01,NEUQUEN,.38053998
2019-08-01,RIO NEGRO,.41454229
2019-08-01,SALTA,.39099139
2019-08-01,SAN JUAN,.37745899
2019-08-01,SAN LUIS,.41599929
2019-08-01,SANTA CRUZ,.25789273
2019-08-01,SANTA FE,.39503932
2019-08-01,SANTIAGO DEL ESTERO,.41042516
2019-08-01,TIERRA DEL FUEGO,.41616276
2019-08-01,TUCUMAN,.35130984
2019-09-01,BUENOS AIRES,.41306981
2019-09-01,CAPITAL FEDERAL,.41318542
2019-09-01,CATAMARCA,.40816659
2019-09-01,CHACO,.35152897
2019-09-01,CHUBUT,.38663891
2019-09-01,CORDOBA,.41095033
2019-09-01,CORRIENTES,.36944756
2019-09-01,ENTRE RIOS,.41677502
2019-09-01,FORMOSA,.40722325
2019-09-01,JUJUY,.41802984
2019-09-01,LA PAMPA,.43192938
2019-09-01,LA RIOJA,.4257609
2019-09-01,MENDOZA,.39386868
2019-09-01,MISIONES,.3974387
2019-09-01,NEUQUEN,.38139403
2019-09-01,RIO NEGRO,.41546127
2019-09-01,SALTA,.38868135
2019-09-01,SAN JUAN,.38099828
2019-09-01,SAN LUIS,.41865474
2019-09-01,SANTA CRUZ,.25843334
2019-09-01,SANTA FE,.39649317
2019-09-01,SANTIAGO DEL ESTERO,.40879381
2019-09-01,TIERRA DEL FUEGO,.41544431
2019-09-01,TUCUMAN,.35139763
2019-10-01,BUENOS AIRES,.41482249
2019-10-01,CAPITAL FEDERAL,.41376504
2019-10-01,CATAMARCA,.40929794
2019-10-01,CHACO,.43714514
2019-10-01,CHUBUT,.38593945
2019-10-01,CORDOBA,.41222352
2019-10-01,CORRIENTES,.37387535
2019-10-01,ENTRE RIOS,.41445079
2019-10-01,FORMOSA,.40745082
2019-10-01,JUJUY,.41837561
2019-10-01,LA PAMPA,.43292478
2019-10-01,LA RIOJA,.42505914
2019-10-01,MENDOZA,.39374357
2019-10-01,MISIONES,.40413576
2019-10-01,NEUQUEN,.38326442
2019-10-01,RIO NEGRO,.4167133
2019-10-01,SALTA,.39028773
2019-10-01,SAN JUAN,.38277566
2019-10-01,SAN LUIS,.41998488
2019-10-01,SANTA CRUZ,.26066601
2019-10-01,SANTA FE,.39848483
2019-10-01,SANTIAGO DEL ESTERO,.40846932
2019-10-01,TIERRA DEL FUEGO,.41410449
2019-10-01,TUCUMAN,.35431695
2019-11-01,BUENOS AIRES,.41361207
2019-11-01,CAPITAL FEDERAL,.41508704
2019-11-01,CATAMARCA,.40845737
2019-11-01,CHACO,.44351566
2019-11-01,CHUBUT,.38763672
2019-11-01,CORDOBA,.41236919
2019-11-01,CORRIENTES,.37316197
2019-11-01,ENTRE RIOS,.41497093
2019-11-01,FORMOSA,.40852061
2019-11-01,JUJUY,.41949561
2019-11-01,LA PAMPA,.43248537
2019-11-01,LA RIOJA,.42680576
2019-11-01,MENDOZA,.39373094
2019-11-01,MISIONES,.40468475
2019-11-01,NEUQUEN,.38298106
2019-11-01,RIO NEGRO,.41323918
2019-11-01,SALTA,.38959539
2019-11-01,SAN JUAN,.38313442
2019-11-01,SAN LUIS,.42158487
2019-11-01,SANTA CRUZ,.26303005
2019-11-01,SANTA FE,.39799595
2019-11-01,SANTIAGO DEL ESTERO,.40970609
2019-11-01,TIERRA DEL FUEGO,.41308314
2019-11-01,TUCUMAN,.35842684
2019-12-01,BUENOS AIRES,.41418967
2019-12-01,CAPITAL FEDERAL,.41635585
2019-12-01,CATAMARCA,.41071659
2019-12-01,CHACO,.44504061
2019-12-01,CHUBUT,.38770089
2019-12-01,CORDOBA,.41339329
2019-12-01,CORRIENTES,.37478536
2019-12-01,ENTRE RIOS,.41820723
2019-12-01,FORMOSA,.41167387
2019-12-01,JUJUY,.42486626
2019-12-01,LA PAMPA,.4338643
2019-12-01,LA RIOJA,.42876059
2019-12-01,MENDOZA,.39768404
2019-12-01,MISIONES,.4055329
2019-12-01,NEUQUEN,.38524398
2019-12-01,RIO NEGRO,.41845912
2019-12-01,SALTA,.39351606
2019-12-01,SAN JUAN,.38654283
2019-12-01,SAN LUIS,.41956976
2019-12-01,SANTA CRUZ,.26540351
2019-12-01,SANTA FE,.39758477
2019-12-01,SANTIAGO DEL ESTERO,.41240034
2019-12-01,TIERRA DEL FUEGO,.41319874
2019-12-01,TUCUMAN,.36255038
2020-01-01,BUENOS AIRES,.41249749
2020-01-01,CAPITAL FEDERAL,.41533577
2020-01-01,CATAMARCA,.40884858
2020-01-01,CHACO,.4440603
2020-01-01,CHUBUT,.38611689
2020-01-01,CORDOBA,.4158577
2020-01-01,CORRIENTES,.37277034
2020-01-01,ENTRE RIOS,.41960314
2020-01-01,FORMOSA,.41173074
2020-01-01,JUJUY,.42493668
2020-01-01,LA PAMPA,.43336886
2020-01-01,LA RIOJA,.42464396
2020-01-01,MENDOZA,.3972837
2020-01-01,MISIONES,.40199772
2020-01-01,NEUQUEN,.3818166
2020-01-01,RIO NEGRO,.40803367
2020-01-01,SALTA,.39534312
2020-01-01,SAN JUAN,.3794533
2020-01-01,SAN LUIS,.4189339
2020-01-01,SANTA CRUZ,.26210138
2020-01-01,SANTA FE,.39481169
2020-01-01,SANTIAGO DEL ESTERO,.4090156
2020-01-01,TIERRA DEL FUEGO,.41331267
2020-01-01,TUCUMAN,.36170879
2020-02-01,BUENOS AIRES,.41274005
2020-02-01,CAPITAL FEDERAL,.41576818
2020-02-01,CATAMARCA,.40365356
2020-02-01,CHACO,.44463295
2020-02-01,CHUBUT,.38629964
2020-02-01,CORDOBA,.41091698
2020-02-01,CORRIENTES,.37245059
2020-02-01,ENTRE RIOS,.42038259
2020-02-01,FORMOSA,.41106519
2020-02-01,JUJUY,.42546663
2020-02-01,LA PAMPA,.43244582
2020-02-01,LA RIOJA,.40008879
2020-02-01,MENDOZA,.39496911
2020-02-01,MISIONES,.39581409
2020-02-01,NEUQUEN,.38148594
2020-02-01,RIO NEGRO,.40435284
2020-02-01,SALTA,.3959361
2020-02-01,SAN JUAN,.38091791
2020-02-01,SAN LUIS,.41954374
2020-02-01,SANTA CRUZ,.25832349
2020-02-01,SANTA FE,.38968679
2020-02-01,SANTIAGO DEL ESTERO,.40835974
2020-02-01,TIERRA DEL FUEGO,.41456279
2020-02-01,TUCUMAN,.36277393
2020-03-01,BUENOS AIRES,.41307586
2020-03-01,CAPITAL FEDERAL,.41674101
2020-03-01,CATAMARCA,.40476695
2020-03-01,CHACO,.44512558
2020-03-01,CHUBUT,.38838524
2020-03-01,CORDOBA,.4130311
2020-03-01,CORRIENTES,.37147522
2020-03-01,ENTRE RIOS,.41866267
2020-03-01,FORMOSA,.41100898
2020-03-01,JUJUY,.42695236
2020-03-01,LA PAMPA,.43425646
2020-03-01,LA RIOJA,.3961947
2020-03-01,MENDOZA,.38797897
2020-03-01,MISIONES,.39528692
2020-03-01,NEUQUEN,.38348776
2020-03-01,RIO NEGRO,.40478399
2020-03-01,SALTA,.39732298
2020-03-01,SAN JUAN,.38041201
2020-03-01,SAN LUIS,.42058522
2020-03-01,SANTA CRUZ,.25668928
2020-03-01,SANTA FE,.39145496
2020-03-01,SANTIAGO DEL ESTERO,.40752271
2020-03-01,TIERRA DEL FUEGO,.41657177
2020-03-01,TUCUMAN,.35819152
2020-04-01,BUENOS AIRES,.41552743
2020-04-01,CAPITAL FEDERAL,.41811553
2020-04-01,CATAMARCA,.41049546
2020-04-01,CHACO,.43878302
2020-04-01,CHUBUT,.39086637
2020-04-01,CORDOBA,.41505116
2020-04-01,CORRIENTES,.37340212
2020-04-01,ENTRE RIOS,.41750887
2020-04-01,FORMOSA,.4105196
2020-04-01,JUJUY,.42307052
2020-04-01,LA PAMPA,.43459406
2020-04-01,LA RIOJA,.41690111
2020-04-01,MENDOZA,.39414167
2020-04-01,MISIONES,.39252454
2020-04-01,NEUQUEN,.38801539
2020-04-01,RIO NEGRO,.41210404
2020-04-01,SALTA,.3984172
2020-04-01,SAN JUAN,.38401327
2020-04-01,SAN LUIS,.41967186
2020-04-01,SANTA CRUZ,.25328517
2020-04-01,SANTA FE,.39451888
2020-04-01,SANTIAGO DEL ESTERO,.40807647
2020-04-01,TIERRA DEL FUEGO,.41604906
2020-04-01,TUCUMAN,.35308528
2020-05-01,BUENOS AIRES,.41638947
2020-05-01,CAPITAL FEDERAL,.418385
2020-05-01,CATAMARCA,.41187215
2020-05-01,CHACO,.43866354
2020-05-01,CHUBUT,.39165998
2020-05-01,CORDOBA,.41420701
2020-05-01,CORRIENTES,.37308016
2020-05-01,ENTRE RIOS,.41635814
2020-05-01,FORMOSA,.41102636
2020-05-01,JUJUY,.42363185
2020-05-01,LA PAMPA,.43458915
2020-05-01,LA RIOJA,.42016366
2020-05-01,MENDOZA,.39967287
2020-05-01,MISIONES,.38972011
2020-05-01,NEUQUEN,.39112622
2020-05-01,RIO NEGRO,.41549021
2020-05-01,SALTA,.39844796
2020-05-01,SAN JUAN,.38894004
2020-05-01,SAN LUIS,.41973636
2020-05-01,SANTA CRUZ,.25229263
2020-05-01,SANTA FE,.39430714
2020-05-01,SANTIAGO DEL ESTERO,.40795422
2020-05-01,TIERRA DEL FUEGO,.41980481
2020-05-01,TUCUMAN,.35025495
2020-06-01,BUENOS AIRES,.41567439
2020-06-01,CAPITAL FEDERAL,.41890377
2020-06-01,CATAMARCA,.41214734
2020-06-01,CHACO,.43783462
2020-06-01,CHUBUT,.3921507
2020-06-01,CORDOBA,.41302609
2020-06-01,CORRIENTES,.37298825
2020-06-01,ENTRE RIOS,.41945049
2020-06-01,FORMOSA,.41032162
2020-06-01,JUJUY,.42462355
2020-06-01,LA PAMPA,.43492231
2020-06-01,LA RIOJA,.42559955
2020-06-01,MENDOZA,.39693743
2020-06-01,MISIONES,.39061308
2020-06-01,NEUQUEN,.39368713
2020-06-01,RIO NEGRO,.41970345
2020-06-01,SALTA,.39728996
2020-06-01,SAN JUAN,.39187491
2020-06-01,SAN LUIS,.41959888
2020-06-01,SANTA CRUZ,.28255296
2020-06-01,SANTA FE,.39190441
2020-06-01,SANTIAGO DEL ESTERO,.40843242
2020-06-01,TIERRA DEL FUEGO,.42327157
2020-06-01,TUCUMAN,.35025439
2020-07-01,BUENOS AIRES,.41503417
2020-07-01,CAPITAL FEDERAL,.41982013
2020-07-01,CATAMARCA,.41250658
2020-07-01,CHACO,.42371842
2020-07-01,CHUBUT,.33746296
2020-07-01,CORDOBA,.41267681
2020-07-01,CORRIENTES,.37238365
2020-07-01,ENTRE RIOS,.41535521
2020-07-01,FORMOSA,.41001394
2020-07-01,JUJUY,.42410469
2020-07-01,LA PAMPA,.43402055
2020-07-01,LA RIOJA,.42492941
2020-07-01,MENDOZA,.3970488
2020-07-01,MISIONES,.38961357
2020-07-01,NEUQUEN,.39046666
2020-07-01,RIO NEGRO,.41334674
2020-07-01,SALTA,.39941323
2020-07-01,SAN JUAN,.39145496
2020-07-01,SAN LUIS,.41832387
2020-07-01,SANTA CRUZ,.25454652
2020-07-01,SANTA FE,.39069417
2020-07-01,SANTIAGO DEL ESTERO,.40817893
2020-07-01,TIERRA DEL FUEGO,.42249894
2020-07-01,TUCUMAN,.35058361
2020-08-01,BUENOS AIRES,.41454726
2020-08-01,CAPITAL FEDERAL,.41989449
2020-08-01,CATAMARCA,.41116673
2020-08-01,CHACO,.43686184
2020-08-01,CHUBUT,.39130324
2020-08-01,CORDOBA,.41212574
2020-08-01,CORRIENTES,.37189069
2020-08-01,ENTRE RIOS,.41541049
2020-08-01,FORMOSA,.41140381
2020-08-01,JUJUY,.42361614
2020-08-01,LA PAMPA,.43338224
2020-08-01,LA RIOJA,.42626423
2020-08-01,MENDOZA,.39785212
2020-08-01,MISIONES,.39205068
2020-08-01,NEUQUEN,.39750984
2020-08-01,RIO NEGRO,.41431871
2020-08-01,SALTA,.39886129
2020-08-01,SAN JUAN,.39043641
2020-08-01,SAN LUIS,.41807175
2020-08-01,SANTA CRUZ,.25152424
2020-08-01,SANTA FE,.39018995
2020-08-01,SANTIAGO DEL ESTERO,.40866098
2020-08-01,TIERRA DEL FUEGO,.42182979
2020-08-01,TUCUMAN,.35198805
2020-09-01,BUENOS AIRES,.41371968
2020-09-01,CAPITAL FEDERAL,.41931653
2020-09-01,CATAMARCA,.41089973
2020-09-01,CHACO,.43944299
2020-09-01,CHUBUT,.38990918
2020-09-01,CORDOBA,.41061455
2020-09-01,CORRIENTES,.37020618
2020-09-01,ENTRE RIOS,.41433096
2020-09-01,FORMOSA,.40926313
2020-09-01,JUJUY,.42724812
2020-09-01,LA PAMPA,.43364906
2020-09-01,LA RIOJA,.42695627
2020-09-01,MENDOZA,.3995786
2020-09-01,MISIONES,.39639854
2020-09-01,NEUQUEN,.39771801
2020-09-01,RIO NEGRO,.41574207
2020-09-01,SALTA,.39654225
2020-09-01,SAN JUAN,.38885459
2020-09-01,SAN LUIS,.41754657
2020-09-01,SANTA CRUZ,.2500948
2020-09-01,SANTA FE,.38809684
2020-09-01,SANTIAGO DEL ESTERO,.40771884
2020-09-01,TIERRA DEL FUEGO,.41696373
2020-09-01,TUCUMAN,.35379982
2020-10-01,BUENOS AIRES,.41285488
2020-10-01,CAPITAL FEDERAL,.41851622
2020-10-01,CATAMARCA,.41035908
2020-10-01,CHACO,.43672812
2020-10-01,CHUBUT,.39335233
2020-10-01,CORDOBA,.40991589
2020-10-01,CORRIENTES,.36925888
2020-10-01,ENTRE RIOS,.41318852
2020-10-01,FORMOSA,.40967053
2020-10-01,JUJUY,.42616346
2020-10-01,LA PAMPA,.43290785
2020-10-01,LA RIOJA,.42724815
2020-10-01,MENDOZA,.39820716
2020-10-01,MISIONES,.40391251
2020-10-01,NEUQUEN,.39780694
2020-10-01,RIO NEGRO,.41494516
2020-10-01,SALTA,.39552334
2020-10-01,SAN JUAN,.38480213
2020-10-01,SAN LUIS,.41564837
2020-10-01,SANTA CRUZ,.24978808
2020-10-01,SANTA FE,.38721615
2020-10-01,SANTIAGO DEL ESTERO,.40690061
2020-10-01,TIERRA DEL FUEGO,.41477591
2020-10-01,TUCUMAN,.35729024
2020-11-01,BUENOS AIRES,.41367429
2020-11-01,CAPITAL FEDERAL,.41810042
2020-11-01,CATAMARCA,.40869212
2020-11-01,CHACO,.43836623
2020-11-01,CHUBUT,.3894133
2020-11-01,CORDOBA,.40938786
2020-11-01,CORRIENTES,.36915541
2020-11-01,ENTRE RIOS,.4133707
2020-11-01,FORMOSA,.40796557
2020-11-01,JUJUY,.4263944
2020-11-01,LA PAMPA,.43342438
2020-11-01,LA RIOJA,.42756301
2020-11-01,MENDOZA,.39898705
2020-11-01,MISIONES,.40459567
2020-11-01,NEUQUEN,.39647207
2020-11-01,RIO NEGRO,.41264963
2020-11-01,SALTA,.39510897
2020-11-01,SAN JUAN,.38364482
2020-11-01,SAN LUIS,.41387567
2020-11-01,SANTA CRUZ,.25072068
2020-11-01,SANTA FE,.38667172
2020-11-01,SANTIAGO DEL ESTERO,.40648279
2020-11-01,TIERRA DEL FUEGO,.4134903
2020-11-01,TUCUMAN,.35968187
2020-12-01,BUENOS AIRES,.41426522
2020-12-01,CAPITAL FEDERAL,.41838977
2020-12-01,CATAMARCA,.41000912
2020-12-01,CHACO,.43989629
2020-12-01,CHUBUT,.39270473
2020-12-01,CORDOBA,.40998182
2020-12-01,CORRIENTES,.36894724
2020-12-01,ENTRE RIOS,.41513592
2020-12-01,FORMOSA,.40876395
2020-12-01,JUJUY,.4278926
2020-12-01,LA PAMPA,.4350751
2020-12-01,LA RIOJA,.42848608
2020-12-01,MENDOZA,.40027633
2020-12-01,MISIONES,.40675515
2020-12-01,NEUQUEN,.39762232
2020-12-01,RIO NEGRO,.41500518
2020-12-01,SALTA,.39670795
2020-12-01,SAN JUAN,.38727912
2020-12-01,SAN LUIS,.41312599
2020-12-01,SANTA CRUZ,.25203773
2020-12-01,SANTA FE,.38731307
2020-12-01,SANTIAGO DEL ESTERO,.40626481
2020-12-01,TIERRA DEL FUEGO,.4142893
2020-12-01,TUCUMAN,.36120299
2021-01-01,BUENOS AIRES,.40916502
2021-01-01,CAPITAL FEDERAL,.41806927
2021-01-01,CATAMARCA,.4075388
2021-01-01,CHACO,.43343112
2021-01-01,CHUBUT,.39066949
2021-01-01,CORDOBA,.41093618
2021-01-01,CORRIENTES,.36753571
2021-01-01,ENTRE RIOS,.41489711
2021-01-01,FORMOSA,.40744585
2021-01-01,JUJUY,.42739174
2021-01-01,LA PAMPA,.43403587
2021-01-01,LA RIOJA,.42402503
2021-01-01,MENDOZA,.39940846
2021-01-01,MISIONES,.40369791
2021-01-01,NEUQUEN,.3937276
2021-01-01,RIO NEGRO,.40522411
2021-01-01,SALTA,.39848614
2021-01-01,SAN JUAN,.38054213
2021-01-01,SAN LUIS,.4106777
2021-01-01,SANTA CRUZ,.25064543
2021-01-01,SANTA FE,.38660234
2021-01-01,SANTIAGO DEL ESTERO,.40552562
2021-01-01,TIERRA DEL FUEGO,.41427043
2021-01-01,TUCUMAN,.36018887
2021-02-01,BUENOS AIRES,.40886921
2021-02-01,CAPITAL FEDERAL,.41843837
2021-02-01,CATAMARCA,.40458956
2021-02-01,CHACO,.4332242
2021-02-01,CHUBUT,.39048997
2021-02-01,CORDOBA,.40918174
2021-02-01,CORRIENTES,.36610273
2021-02-01,ENTRE RIOS,.41475981
2021-02-01,FORMOSA,.40730116
2021-02-01,JUJUY,.42805794
2021-02-01,LA PAMPA,.43404761
2021-02-01,LA RIOJA,.40604621
2021-02-01,MENDOZA,.39615613
2021-02-01,MISIONES,.39843032
2021-02-01,NEUQUEN,.39166412
2021-02-01,RIO NEGRO,.40226793
2021-02-01,SALTA,.39774022
2021-02-01,SAN JUAN,.38299048
2021-02-01,SAN LUIS,.41062623
2021-02-01,SANTA CRUZ,.2469141
2021-02-01,SANTA FE,.3829461
2021-02-01,SANTIAGO DEL ESTERO,.40436977
2021-02-01,TIERRA DEL FUEGO,.41642529
2021-02-01,TUCUMAN,.36052617
2021-03-01,BUENOS AIRES,.40815809
2021-03-01,CAPITAL FEDERAL,.41929871
2021-03-01,CATAMARCA,.40417117
2021-03-01,CHACO,.43465823
2021-03-01,CHUBUT,.39258537
2021-03-01,CORDOBA,.408452
2021-03-01,CORRIENTES,.36463368
2021-03-01,ENTRE RIOS,.41536635
2021-03-01,FORMOSA,.40526578
2021-03-01,JUJUY,.43161792
2021-03-01,LA PAMPA,.43158916
2021-03-01,LA RIOJA,.40551579
2021-03-01,MENDOZA,.39158443
2021-03-01,MISIONES,.39463052
2021-03-01,NEUQUEN,.39024425
2021-03-01,RIO NEGRO,.40594932
2021-03-01,SALTA,.39656061
2021-03-01,SAN JUAN,.38153717
2021-03-01,SAN LUIS,.41129547
2021-03-01,SANTA CRUZ,.24580896
2021-03-01,SANTA FE,.38463178
2021-03-01,SANTIAGO DEL ESTERO,.40367001
2021-03-01,TIERRA DEL FUEGO,.41591874
2021-03-01,TUCUMAN,.35940298
2021-04-01,BUENOS AIRES,.40932602
2021-04-01,CAPITAL FEDERAL,.41990164
2021-04-01,CATAMARCA,.40319937
2021-04-01,CHACO,.43577248
2021-04-01,CHUBUT,.39467433
2021-04-01,CORDOBA,.40739149
2021-04-01,CORRIENTES,.36662868
2021-04-01,ENTRE RIOS,.41482696
2021-04-01,FORMOSA,.40480796
2021-04-01,JUJUY,.43024474
2021-04-01,LA PAMPA,.43471652
2021-04-01,LA RIOJA,.41384232
2021-04-01,MENDOZA,.39489156
2021-04-01,MISIONES,.39156294
2021-04-01,NEUQUEN,.39354604
2021-04-01,RIO NEGRO,.41510525
2021-04-01,SALTA,.39805555
2021-04-01,SAN JUAN,.3800419
2021-04-01,SAN LUIS,.41249198
2021-04-01,SANTA CRUZ,.27906427
2021-04-01,SANTA FE,.38863
2021-04-01,SANTIAGO DEL ESTERO,.40219238
2021-04-01,TIERRA DEL FUEGO,.41779196
2021-04-01,TUCUMAN,.35533506
2021-05-01,BUENOS AIRES,.4097434
2021-05-01,CAPITAL FEDERAL,.42085519
2021-05-01,CATAMARCA,.40320599
2021-05-01,CHACO,.43650544
2021-05-01,CHUBUT,.39598104
2021-05-01,CORDOBA,.40794078
2021-05-01,CORRIENTES,.36783713
2021-05-01,ENTRE RIOS,.41645715
2021-05-01,FORMOSA,.40557227
2021-05-01,JUJUY,.42958194
2021-05-01,LA PAMPA,.4365786
2021-05-01,LA RIOJA,.41683212
2021-05-01,MENDOZA,.40096247
2021-05-01,MISIONES,.39126146
2021-05-01,NEUQUEN,.39502123
2021-05-01,RIO NEGRO,.41776705
2021-05-01,SALTA,.39777398
2021-05-01,SAN JUAN,.38159221
2021-05-01,SAN LUIS,.41256782
2021-05-01,SANTA CRUZ,.2791681
2021-05-01,SANTA FE,.3913703
2021-05-01,SANTIAGO DEL ESTERO,.40268001
2021-05-01,TIERRA DEL FUEGO,.41918883
2021-05-01,TUCUMAN,.35236511
2021-06-01,BUENOS AIRES,.41054693
2021-06-01,CAPITAL FEDERAL,.42112246
2021-06-01,CATAMARCA,.40449366
2021-06-01,CHACO,.43637881
2021-06-01,CHUBUT,.3937642
2021-06-01,CORDOBA,.40895745
2021-06-01,CORRIENTES,.36920163
2021-06-01,ENTRE RIOS,.4184894
2021-06-01,FORMOSA,.4044314
2021-06-01,JUJUY,.43286788
2021-06-01,LA PAMPA,.43984675
2021-06-01,LA RIOJA,.41994292
2021-06-01,MENDOZA,.40001354
2021-06-01,MISIONES,.39341351
2021-06-01,NEUQUEN,.39487699
2021-06-01,RIO NEGRO,.42018703
2021-06-01,SALTA,.39687869
2021-06-01,SAN JUAN,.38433346
2021-06-01,SAN LUIS,.41398072
2021-06-01,SANTA CRUZ,.27548465
2021-06-01,SANTA FE,.39152172
2021-06-01,SANTIAGO DEL ESTERO,.40187472
2021-06-01,TIERRA DEL FUEGO,.4202663
2021-06-01,TUCUMAN,.35295895
2021-07-01,BUENOS AIRES,.41155407
2021-07-01,CAPITAL FEDERAL,.4211829
2021-07-01,CATAMARCA,.40490818
2021-07-01,CHACO,.4402487
2021-07-01,CHUBUT,.39301917
2021-07-01,CORDOBA,.40897712
2021-07-01,CORRIENTES,.36905816
2021-07-01,ENTRE RIOS,.41793343
2021-07-01,FORMOSA,.403945
2021-07-01,JUJUY,.43013328
2021-07-01,LA PAMPA,.43838024
2021-07-01,LA RIOJA,.42392948
2021-07-01,MENDOZA,.39934132
2021-07-01,MISIONES,.39341441
2021-07-01,NEUQUEN,.3963038
2021-07-01,RIO NEGRO,.41767699
2021-07-01,SALTA,.39668187
2021-07-01,SAN JUAN,.38596985
2021-07-01,SAN LUIS,.41429657
2021-07-01,SANTA CRUZ,.24984078
2021-07-01,SANTA FE,.39016041
2021-07-01,SANTIAGO DEL ESTERO,.40140751
2021-07-01,TIERRA DEL FUEGO,.42133141
2021-07-01,TUCUMAN,.35357881
2021-08-01,BUENOS AIRES,.41179425
2021-08-01,CAPITAL FEDERAL,.42185679
2021-08-01,CATAMARCA,.40399721
2021-08-01,CHACO,.44072652
2021-08-01,CHUBUT,.39212328
2021-08-01,CORDOBA,.40964946
2021-08-01,CORRIENTES,.37037989
2021-08-01,ENTRE RIOS,.41899109
2021-08-01,FORMOSA,.40374163
2021-08-01,JUJUY,.43045062
2021-08-01,LA PAMPA,.43933535
2021-08-01,LA RIOJA,.42604354
2021-08-01,MENDOZA,.40027523
2021-08-01,MISIONES,.37029889
2021-08-01,NEUQUEN,.39838886
2021-08-01,RIO NEGRO,.41931963
2021-08-01,SALTA,.39672038
2021-08-01,SAN JUAN,.38683131
2021-08-01,SAN LUIS,.41420639
2021-08-01,SANTA CRUZ,.25
2021-08-01,SANTA FE,.39308292
2021-08-01,SANTIAGO DEL ESTERO,.40257815
2021-08-01,TIERRA DEL FUEGO,.4240658
2021-08-01,TUCUMAN,.35602728
